date,type,locale,locale_name,description,transferred,latitude,longitude,geojson
2012-03-02,Holiday,Local,Manta,Fundacion de Manta,False,-0.954932,-80.734083,"{""type"": ""Feature"", ""properties"": {""name"": ""Manta""}, ""geometry"": {""type"": ""Polygon"", ""coordinates"": [[[-80.709528, -0.951689], [-80.702256, -0.937864], [-80.736989, -0.939793], [-80.774345, -0.932895], [-80.74908, -0.97058], [-80.746825, -0.98151], [-80.716421, -0.975387], [-80.709528, -0.951689]]]}}"
2012-04-01,Holiday,Regional,Cotopaxi,Provincializacion de Cotopaxi,False,-0.681433,-78.586852,"{""type"": ""Feature"", ""properties"": {""name"": ""Cotopaxi""}, ""geometry"": {""type"": ""Polygon"", ""coordinates"": [[[-78.560151, -0.691119], [-78.576167, -0.656603], [-78.598046, -0.641604], [-78.605677, -0.686055], [-78.608761, -0.710618], [-78.570553, -0.707606], [-78.560151, -0.691119]]]}}"
2012-04-12,Holiday,Local,Cuenca,Fundacion de Cuenca,False,-2.899172,-79.004984,"{""type"": ""Feature"", ""properties"": {""name"": ""Cuenca""}, ""geometry"": {""type"": ""Polygon"", ""coordinates"": [[[-78.96073, -2.906069], [-78.9977, -2.878558], [-79.034846, -2.870613], [-79.013318, -2.91418], [-78.992186, -2.928341], [-78.96073, -2.906069]]]}}"
2012-04-14,Holiday,Local,Libertad,Cantonizacion de Libertad,False,-2.237104,-80.899753,"{""type"": ""Feature"", ""properties"": {""name"": ""Libertad""}, ""geometry"": {""type"": ""Polygon"", ""coordinates"": [[[-80.877378, -2.235152], [-80.889042, -2.219178], [-80.908202, -2.217817], [-80.934435, -2.208827], [-80.939225, -2.23558], [-80.936182, -2.246889], [-80.899818, -2.245097], [-80.88496, -2.244889], [-80.877378, -2.235152]]]}}"
2012-04-21,Holiday,Local,Riobamba,Cantonizacion de Riobamba,False,-1.663171,-78.658516,"{""type"": ""Feature"", ""properties"": {""name"": ""Riobamba""}, ""geometry"": {""type"": ""Polygon"", ""coordinates"": [[[-78.642015, -1.662587], [-78.618887, -1.629499], [-78.665401, -1.639166], [-78.688402, -1.64361], [-78.679279, -1.672117], [-78.657482, -1.708561], [-78.627808, -1.681016], [-78.642015, -1.662587]]]}}"
2012-05-12,Holiday,Local,Puyo,Cantonizacion del Puyo,False,-1.482329,-78.00208,"{""type"": ""Feature"", ""properties"": {""name"": ""Puyo""}, ""geometry"": {""type"": ""Polygon"", ""coordinates"": [[[-77.959194, -1.481369], [-77.978144, -1.458], [-78.006431, -1.464928], [-78.027662, -1.463984], [-78.041321, -1.488453], [-78.006287, -1.500296], [-77.978583, -1.503475], [-77.959194, -1.481369]]]}}"
2012-06-23,Holiday,Local,Guaranda,Cantonizacion de Guaranda,False,-1.599695,-79.002562,"{""type"": ""Feature"", ""properties"": {""name"": ""Guaranda""}, ""geometry"": {""type"": ""Polygon"", ""coordinates"": [[[-78.985966, -1.59271], [-78.992031, -1.580945], [-78.999825, -1.567799], [-79.027395, -1.578999], [-79.042554, -1.599986], [-79.029715, -1.609282], [-78.995005, -1.608992], [-78.959973, -1.615462], [-78.985966, -1.59271]]]}}"
2012-06-25,Holiday,Regional,Imbabura,Provincializacion de Imbabura,False,0.347325,-78.129936,"{""type"": ""Feature"", ""properties"": {""name"": ""Imbabura""}, ""geometry"": {""type"": ""Polygon"", ""coordinates"": [[[-78.08867, 0.349781], [-78.119968, 0.360742], [-78.148337, 0.372813], [-78.153207, 0.350818], [-78.140769, 0.33981], [-78.108491, 0.323505], [-78.08867, 0.349781]]]}}"
2012-06-25,Holiday,Local,Latacunga,Cantonizacion de Latacunga,False,-0.930354,-78.616268,"{""type"": ""Feature"", ""properties"": {""name"": ""Latacunga""}, ""geometry"": {""type"": ""Polygon"", ""coordinates"": [[[-78.571305, -0.9416], [-78.580608, -0.925155], [-78.625617, -0.915102], [-78.642257, -0.920602], [-78.628192, -0.944616], [-78.618622, -0.979827], [-78.604282, -0.944073], [-78.571305, -0.9416]]]}}"
2012-06-25,Holiday,Local,Machala,Fundacion de Machala,False,-3.253166,-79.956167,"{""type"": ""Feature"", ""properties"": {""name"": ""Machala""}, ""geometry"": {""type"": ""Polygon"", ""coordinates"": [[[-79.933635, -3.263994], [-79.94741, -3.243591], [-79.960304, -3.239386], [-79.97357, -3.228218], [-79.966874, -3.267653], [-79.957939, -3.299796], [-79.933472, -3.27494], [-79.933635, -3.263994]]]}}"
2012-07-03,Holiday,Local,Santo Domingo,Fundacion de Santo Domingo,False,-0.253408,-79.17662,"{""type"": ""Feature"", ""properties"": {""name"": ""Santo Domingo""}, ""geometry"": {""type"": ""Polygon"", ""coordinates"": [[[-79.126297, -0.255341], [-79.165056, -0.223795], [-79.170533, -0.234162], [-79.201094, -0.22854], [-79.193433, -0.277176], [-79.175884, -0.29765], [-79.159196, -0.263979], [-79.126297, -0.255341]]]}}"
2012-07-03,Holiday,Local,El Carmen,Cantonizacion de El Carmen,False,0.264539,-79.449219,"{""type"": ""Feature"", ""properties"": {""name"": ""El Carmen""}, ""geometry"": {""type"": ""Polygon"", ""coordinates"": [[[-79.419193, 0.273802], [-79.419865, 0.294453], [-79.458224, 0.302248], [-79.468835, 0.288775], [-79.459899, 0.260487], [-79.454059, 0.238144], [-79.432593, 0.225801], [-79.419193, 0.273802]]]}}"
2012-07-23,Holiday,Local,Cayambe,Cantonizacion de Cayambe,False,0.034451,-78.139478,"{""type"": ""Feature"", ""properties"": {""name"": ""Cayambe""}, ""geometry"": {""type"": ""Polygon"", ""coordinates"": [[[-78.110803, 0.030731], [-78.131416, 0.047067], [-78.143311, 0.064017], [-78.180873, 0.060698], [-78.155237, 0.042783], [-78.182213, 0.032475], [-78.145975, -0.003797], [-78.11762, 0.030616], [-78.110803, 0.030731]]]}}"
2012-08-05,Holiday,Local,Esmeraldas,Fundacion de Esmeraldas,False,0.957011,-79.65052,"{""type"": ""Feature"", ""properties"": {""name"": ""Esmeraldas""}, ""geometry"": {""type"": ""Polygon"", ""coordinates"": [[[-79.611747, 0.964682], [-79.631378, 0.98885], [-79.662713, 0.997423], [-79.672779, 0.953723], [-79.68388, 0.932662], [-79.645189, 0.922797], [-79.611747, 0.964682]]]}}"
2012-08-10,Holiday,National,Ecuador,Primer Grito de Independencia,False,-1.833716,-78.184152,"{""type"": ""Feature"", ""properties"": {""name"": ""Ecuador""}, ""geometry"": {""type"": ""Polygon"", ""coordinates"": [[[-78.171897, -1.837417], [-78.145315, -1.807798], [-78.177746, -1.787912], [-78.206447, -1.803554], [-78.208298, -1.833819], [-78.211452, -1.8398], [-78.190038, -1.860426], [-78.176939, -1.867768], [-78.171897, -1.837417]]]}}"
2012-08-15,Holiday,Local,Riobamba,Fundacion de Riobamba,False,-1.665616,-78.651962,"{""type"": ""Feature"", ""properties"": {""name"": ""Riobamba""}, ""geometry"": {""type"": ""Polygon"", ""coordinates"": [[[-78.642015, -1.662587], [-78.618887, -1.629499], [-78.665401, -1.639166], [-78.688402, -1.64361], [-78.679279, -1.672117], [-78.657482, -1.708561], [-78.627808, -1.681016], [-78.642015, -1.662587]]]}}"
2012-08-24,Holiday,Local,Ambato,Fundacion de Ambato,False,-1.240729,-78.62178,"{""type"": ""Feature"", ""properties"": {""name"": ""Ambato""}, ""geometry"": {""type"": ""Polygon"", ""coordinates"": [[[-78.594508, -1.252436], [-78.602473, -1.206439], [-78.622375, -1.199131], [-78.636876, -1.214541], [-78.647173, -1.248954], [-78.636122, -1.270586], [-78.60172, -1.277189], [-78.594508, -1.252436]]]}}"
2012-09-28,Holiday,Local,Ibarra,Fundacion de Ibarra,False,0.338593,-78.118935,"{""type"": ""Feature"", ""properties"": {""name"": ""Ibarra""}, ""geometry"": {""type"": ""Polygon"", ""coordinates"": [[[-78.091976, 0.340803], [-78.089813, 0.355071], [-78.122158, 0.35725], [-78.142828, 0.365224], [-78.161417, 0.340091], [-78.137135, 0.299568], [-78.121194, 0.293214], [-78.10654, 0.308382], [-78.091976, 0.340803]]]}}"
2012-10-07,Holiday,Local,Quevedo,Cantonizacion de Quevedo,False,-1.019005,-79.456839,"{""type"": ""Feature"", ""properties"": {""name"": ""Quevedo""}, ""geometry"": {""type"": ""Polygon"", ""coordinates"": [[[-79.431465, -1.020622], [-79.434061, -0.996655], [-79.457698, -1.007943], [-79.478669, -0.993233], [-79.476376, -1.023112], [-79.468573, -1.03937], [-79.454839, -1.051895], [-79.434534, -1.037277], [-79.431465, -1.020622]]]}}"
2012-10-09,Holiday,National,Ecuador,Independencia de Guayaquil,True,-1.831811,-78.182217,"{""type"": ""Feature"", ""properties"": {""name"": ""Ecuador""}, ""geometry"": {""type"": ""Polygon"", ""coordinates"": [[[-78.171897, -1.837417], [-78.145315, -1.807798], [-78.177746, -1.787912], [-78.206447, -1.803554], [-78.208298, -1.833819], [-78.211452, -1.8398], [-78.190038, -1.860426], [-78.176939, -1.867768], [-78.171897, -1.837417]]]}}"
2012-10-12,Transfer,National,Ecuador,Traslado Independencia de Guayaquil,False,-1.833316,-78.180662,"{""type"": ""Feature"", ""properties"": {""name"": ""Ecuador""}, ""geometry"": {""type"": ""Polygon"", ""coordinates"": [[[-78.171897, -1.837417], [-78.145315, -1.807798], [-78.177746, -1.787912], [-78.206447, -1.803554], [-78.208298, -1.833819], [-78.211452, -1.8398], [-78.190038, -1.860426], [-78.176939, -1.867768], [-78.171897, -1.837417]]]}}"
2012-11-02,Holiday,National,Ecuador,Dia de Difuntos,False,-1.833316,-78.180662,"{""type"": ""Feature"", ""properties"": {""name"": ""Ecuador""}, ""geometry"": {""type"": ""Polygon"", ""coordinates"": [[[-78.171897, -1.837417], [-78.145315, -1.807798], [-78.177746, -1.787912], [-78.206447, -1.803554], [-78.208298, -1.833819], [-78.211452, -1.8398], [-78.190038, -1.860426], [-78.176939, -1.867768], [-78.171897, -1.837417]]]}}"
2012-11-03,Holiday,National,Ecuador,Independencia de Cuenca,False,-1.833316,-78.180662,"{""type"": ""Feature"", ""properties"": {""name"": ""Ecuador""}, ""geometry"": {""type"": ""Polygon"", ""coordinates"": [[[-78.171897, -1.837417], [-78.145315, -1.807798], [-78.177746, -1.787912], [-78.206447, -1.803554], [-78.208298, -1.833819], [-78.211452, -1.8398], [-78.190038, -1.860426], [-78.176939, -1.867768], [-78.171897, -1.837417]]]}}"
2012-11-06,Holiday,Regional,Santo Domingo de los Tsachilas,Provincializacion de Santo Domingo,False,-0.255316,-79.169162,"{""type"": ""Feature"", ""properties"": {""name"": ""Santo Domingo de los Tsachilas""}, ""geometry"": {""type"": ""Polygon"", ""coordinates"": [[[-79.13916, -0.262725], [-79.164314, -0.221606], [-79.213581, -0.234189], [-79.184342, -0.262902], [-79.157067, -0.270051], [-79.13916, -0.262725]]]}}"
2012-11-07,Holiday,Regional,Santa Elena,Provincializacion Santa Elena,False,-2.227045,-80.85882,"{""type"": ""Feature"", ""properties"": {""name"": ""Santa Elena""}, ""geometry"": {""type"": ""Polygon"", ""coordinates"": [[[-80.826779, -2.228254], [-80.831171, -2.213466], [-80.866151, -2.187341], [-80.870327, -2.201713], [-80.903612, -2.217254], [-80.886343, -2.252129], [-80.864311, -2.263884], [-80.849672, -2.248975], [-80.826779, -2.228254]]]}}"
2012-11-10,Holiday,Local,Guaranda,Independencia de Guaranda,False,-1.601086,-78.999626,"{""type"": ""Feature"", ""properties"": {""name"": ""Guaranda""}, ""geometry"": {""type"": ""Polygon"", ""coordinates"": [[[-78.985966, -1.59271], [-78.992031, -1.580945], [-78.999825, -1.567799], [-79.027395, -1.578999], [-79.042554, -1.599986], [-79.029715, -1.609282], [-78.995005, -1.608992], [-78.959973, -1.615462], [-78.985966, -1.59271]]]}}"
2012-11-11,Holiday,Local,Latacunga,Independencia de Latacunga,False,-0.935975,-78.613336,"{""type"": ""Feature"", ""properties"": {""name"": ""Latacunga""}, ""geometry"": {""type"": ""Polygon"", ""coordinates"": [[[-78.571305, -0.9416], [-78.580608, -0.925155], [-78.625617, -0.915102], [-78.642257, -0.920602], [-78.628192, -0.944616], [-78.618622, -0.979827], [-78.604282, -0.944073], [-78.571305, -0.9416]]]}}"
2012-11-12,Holiday,Local,Ambato,Independencia de Ambato,False,-1.236766,-78.620467,"{""type"": ""Feature"", ""properties"": {""name"": ""Ambato""}, ""geometry"": {""type"": ""Polygon"", ""coordinates"": [[[-78.594508, -1.252436], [-78.602473, -1.206439], [-78.622375, -1.199131], [-78.636876, -1.214541], [-78.647173, -1.248954], [-78.636122, -1.270586], [-78.60172, -1.277189], [-78.594508, -1.252436]]]}}"
2012-12-05,Additional,Local,Quito,Fundacion de Quito-1,False,-0.181307,-78.464535,"{""type"": ""Feature"", ""properties"": {""name"": ""Quito""}, ""geometry"": {""type"": ""Polygon"", ""coordinates"": [[[-78.437611, -0.183398], [-78.458757, -0.169469], [-78.48239, -0.153107], [-78.485552, -0.185461], [-78.482256, -0.220878], [-78.457157, -0.210665], [-78.437611, -0.183398]]]}}"
2012-12-06,Holiday,Local,Quito,Fundacion de Quito,False,-0.183439,-78.469265,"{""type"": ""Feature"", ""properties"": {""name"": ""Quito""}, ""geometry"": {""type"": ""Polygon"", ""coordinates"": [[[-78.437611, -0.183398], [-78.458757, -0.169469], [-78.48239, -0.153107], [-78.485552, -0.185461], [-78.482256, -0.220878], [-78.457157, -0.210665], [-78.437611, -0.183398]]]}}"
2012-12-08,Holiday,Local,Loja,Fundacion de Loja,False,-3.995839,-79.205665,"{""type"": ""Feature"", ""properties"": {""name"": ""Loja""}, ""geometry"": {""type"": ""Polygon"", ""coordinates"": [[[-79.185869, -3.989018], [-79.19537, -3.981091], [-79.205712, -3.96874], [-79.22986, -3.978441], [-79.226041, -4.002451], [-79.209581, -4.01707], [-79.178079, -4.028411], [-79.185869, -3.989018]]]}}"
2012-12-21,Additional,National,Ecuador,Navidad-4,False,-1.831996,-78.188225,"{""type"": ""Feature"", ""properties"": {""name"": ""Ecuador""}, ""geometry"": {""type"": ""Polygon"", ""coordinates"": [[[-78.171897, -1.837417], [-78.145315, -1.807798], [-78.177746, -1.787912], [-78.206447, -1.803554], [-78.208298, -1.833819], [-78.211452, -1.8398], [-78.190038, -1.860426], [-78.176939, -1.867768], [-78.171897, -1.837417]]]}}"
2012-12-22,Holiday,Local,Salinas,Cantonizacion de Salinas,False,-2.202116,-80.963962,"{""type"": ""Feature"", ""properties"": {""name"": ""Salinas""}, ""geometry"": {""type"": ""Polygon"", ""coordinates"": [[[-80.935268, -2.209911], [-80.949516, -2.154312], [-80.983717, -2.175431], [-80.980769, -2.199129], [-80.972881, -2.228736], [-80.959656, -2.224763], [-80.935268, -2.209911]]]}}"
2012-12-22,Additional,National,Ecuador,Navidad-3,False,-1.833684,-78.179684,"{""type"": ""Feature"", ""properties"": {""name"": ""Ecuador""}, ""geometry"": {""type"": ""Polygon"", ""coordinates"": [[[-78.171897, -1.837417], [-78.145315, -1.807798], [-78.177746, -1.787912], [-78.206447, -1.803554], [-78.208298, -1.833819], [-78.211452, -1.8398], [-78.190038, -1.860426], [-78.176939, -1.867768], [-78.171897, -1.837417]]]}}"
2012-12-23,Additional,National,Ecuador,Navidad-2,False,-1.833316,-78.180662,"{""type"": ""Feature"", ""properties"": {""name"": ""Ecuador""}, ""geometry"": {""type"": ""Polygon"", ""coordinates"": [[[-78.171897, -1.837417], [-78.145315, -1.807798], [-78.177746, -1.787912], [-78.206447, -1.803554], [-78.208298, -1.833819], [-78.211452, -1.8398], [-78.190038, -1.860426], [-78.176939, -1.867768], [-78.171897, -1.837417]]]}}"
2012-12-24,Bridge,National,Ecuador,Puente Navidad,False,-1.833316,-78.180662,"{""type"": ""Feature"", ""properties"": {""name"": ""Ecuador""}, ""geometry"": {""type"": ""Polygon"", ""coordinates"": [[[-78.171897, -1.837417], [-78.145315, -1.807798], [-78.177746, -1.787912], [-78.206447, -1.803554], [-78.208298, -1.833819], [-78.211452, -1.8398], [-78.190038, -1.860426], [-78.176939, -1.867768], [-78.171897, -1.837417]]]}}"
2012-12-24,Additional,National,Ecuador,Navidad-1,False,-1.833316,-78.180662,"{""type"": ""Feature"", ""properties"": {""name"": ""Ecuador""}, ""geometry"": {""type"": ""Polygon"", ""coordinates"": [[[-78.171897, -1.837417], [-78.145315, -1.807798], [-78.177746, -1.787912], [-78.206447, -1.803554], [-78.208298, -1.833819], [-78.211452, -1.8398], [-78.190038, -1.860426], [-78.176939, -1.867768], [-78.171897, -1.837417]]]}}"
2012-12-25,Holiday,National,Ecuador,Navidad,False,-1.833316,-78.180662,"{""type"": ""Feature"", ""properties"": {""name"": ""Ecuador""}, ""geometry"": {""type"": ""Polygon"", ""coordinates"": [[[-78.171897, -1.837417], [-78.145315, -1.807798], [-78.177746, -1.787912], [-78.206447, -1.803554], [-78.208298, -1.833819], [-78.211452, -1.8398], [-78.190038, -1.860426], [-78.176939, -1.867768], [-78.171897, -1.837417]]]}}"
2012-12-26,Additional,National,Ecuador,Navidad+1,False,-1.833316,-78.180662,"{""type"": ""Feature"", ""properties"": {""name"": ""Ecuador""}, ""geometry"": {""type"": ""Polygon"", ""coordinates"": [[[-78.171897, -1.837417], [-78.145315, -1.807798], [-78.177746, -1.787912], [-78.206447, -1.803554], [-78.208298, -1.833819], [-78.211452, -1.8398], [-78.190038, -1.860426], [-78.176939, -1.867768], [-78.171897, -1.837417]]]}}"
2012-12-31,Bridge,National,Ecuador,Puente Primer dia del ano,False,-1.833316,-78.180662,"{""type"": ""Feature"", ""properties"": {""name"": ""Ecuador""}, ""geometry"": {""type"": ""Polygon"", ""coordinates"": [[[-78.171897, -1.837417], [-78.145315, -1.807798], [-78.177746, -1.787912], [-78.206447, -1.803554], [-78.208298, -1.833819], [-78.211452, -1.8398], [-78.190038, -1.860426], [-78.176939, -1.867768], [-78.171897, -1.837417]]]}}"
2012-12-31,Additional,National,Ecuador,Primer dia del ano-1,False,-1.833316,-78.180662,"{""type"": ""Feature"", ""properties"": {""name"": ""Ecuador""}, ""geometry"": {""type"": ""Polygon"", ""coordinates"": [[[-78.171897, -1.837417], [-78.145315, -1.807798], [-78.177746, -1.787912], [-78.206447, -1.803554], [-78.208298, -1.833819], [-78.211452, -1.8398], [-78.190038, -1.860426], [-78.176939, -1.867768], [-78.171897, -1.837417]]]}}"
2013-01-01,Holiday,National,Ecuador,Primer dia del ano,False,-1.833316,-78.180662,"{""type"": ""Feature"", ""properties"": {""name"": ""Ecuador""}, ""geometry"": {""type"": ""Polygon"", ""coordinates"": [[[-78.171897, -1.837417], [-78.145315, -1.807798], [-78.177746, -1.787912], [-78.206447, -1.803554], [-78.208298, -1.833819], [-78.211452, -1.8398], [-78.190038, -1.860426], [-78.176939, -1.867768], [-78.171897, -1.837417]]]}}"
2013-01-05,Work Day,National,Ecuador,Recupero puente Navidad,False,-1.833316,-78.180662,"{""type"": ""Feature"", ""properties"": {""name"": ""Ecuador""}, ""geometry"": {""type"": ""Polygon"", ""coordinates"": [[[-78.171897, -1.837417], [-78.145315, -1.807798], [-78.177746, -1.787912], [-78.206447, -1.803554], [-78.208298, -1.833819], [-78.211452, -1.8398], [-78.190038, -1.860426], [-78.176939, -1.867768], [-78.171897, -1.837417]]]}}"
2013-01-12,Work Day,National,Ecuador,Recupero puente primer dia del ano,False,-1.833316,-78.180662,"{""type"": ""Feature"", ""properties"": {""name"": ""Ecuador""}, ""geometry"": {""type"": ""Polygon"", ""coordinates"": [[[-78.171897, -1.837417], [-78.145315, -1.807798], [-78.177746, -1.787912], [-78.206447, -1.803554], [-78.208298, -1.833819], [-78.211452, -1.8398], [-78.190038, -1.860426], [-78.176939, -1.867768], [-78.171897, -1.837417]]]}}"
2013-02-11,Holiday,National,Ecuador,Carnaval,False,-1.833316,-78.180662,"{""type"": ""Feature"", ""properties"": {""name"": ""Ecuador""}, ""geometry"": {""type"": ""Polygon"", ""coordinates"": [[[-78.171897, -1.837417], [-78.145315, -1.807798], [-78.177746, -1.787912], [-78.206447, -1.803554], [-78.208298, -1.833819], [-78.211452, -1.8398], [-78.190038, -1.860426], [-78.176939, -1.867768], [-78.171897, -1.837417]]]}}"
2013-02-12,Holiday,National,Ecuador,Carnaval,False,-1.833316,-78.180662,"{""type"": ""Feature"", ""properties"": {""name"": ""Ecuador""}, ""geometry"": {""type"": ""Polygon"", ""coordinates"": [[[-78.171897, -1.837417], [-78.145315, -1.807798], [-78.177746, -1.787912], [-78.206447, -1.803554], [-78.208298, -1.833819], [-78.211452, -1.8398], [-78.190038, -1.860426], [-78.176939, -1.867768], [-78.171897, -1.837417]]]}}"
2013-03-02,Holiday,Local,Manta,Fundacion de Manta,False,-0.952116,-80.730562,"{""type"": ""Feature"", ""properties"": {""name"": ""Manta""}, ""geometry"": {""type"": ""Polygon"", ""coordinates"": [[[-80.709528, -0.951689], [-80.702256, -0.937864], [-80.736989, -0.939793], [-80.774345, -0.932895], [-80.74908, -0.97058], [-80.746825, -0.98151], [-80.716421, -0.975387], [-80.709528, -0.951689]]]}}"
2013-04-01,Holiday,Regional,Cotopaxi,Provincializacion de Cotopaxi,False,-0.681433,-78.586852,"{""type"": ""Feature"", ""properties"": {""name"": ""Cotopaxi""}, ""geometry"": {""type"": ""Polygon"", ""coordinates"": [[[-78.560151, -0.691119], [-78.576167, -0.656603], [-78.598046, -0.641604], [-78.605677, -0.686055], [-78.608761, -0.710618], [-78.570553, -0.707606], [-78.560151, -0.691119]]]}}"
2013-04-12,Holiday,Local,Cuenca,Fundacion de Cuenca,False,-2.899172,-79.004984,"{""type"": ""Feature"", ""properties"": {""name"": ""Cuenca""}, ""geometry"": {""type"": ""Polygon"", ""coordinates"": [[[-78.96073, -2.906069], [-78.9977, -2.878558], [-79.034846, -2.870613], [-79.013318, -2.91418], [-78.992186, -2.928341], [-78.96073, -2.906069]]]}}"
2013-04-14,Holiday,Local,Libertad,Cantonizacion de Libertad,False,-2.237104,-80.899753,"{""type"": ""Feature"", ""properties"": {""name"": ""Libertad""}, ""geometry"": {""type"": ""Polygon"", ""coordinates"": [[[-80.877378, -2.235152], [-80.889042, -2.219178], [-80.908202, -2.217817], [-80.934435, -2.208827], [-80.939225, -2.23558], [-80.936182, -2.246889], [-80.899818, -2.245097], [-80.88496, -2.244889], [-80.877378, -2.235152]]]}}"
2013-04-21,Holiday,Local,Riobamba,Cantonizacion de Riobamba,False,-1.663171,-78.658516,"{""type"": ""Feature"", ""properties"": {""name"": ""Riobamba""}, ""geometry"": {""type"": ""Polygon"", ""coordinates"": [[[-78.642015, -1.662587], [-78.618887, -1.629499], [-78.665401, -1.639166], [-78.688402, -1.64361], [-78.679279, -1.672117], [-78.657482, -1.708561], [-78.627808, -1.681016], [-78.642015, -1.662587]]]}}"
2013-04-29,Holiday,National,Ecuador,Viernes Santo,False,-1.830229,-78.18548,"{""type"": ""Feature"", ""properties"": {""name"": ""Ecuador""}, ""geometry"": {""type"": ""Polygon"", ""coordinates"": [[[-78.171897, -1.837417], [-78.145315, -1.807798], [-78.177746, -1.787912], [-78.206447, -1.803554], [-78.208298, -1.833819], [-78.211452, -1.8398], [-78.190038, -1.860426], [-78.176939, -1.867768], [-78.171897, -1.837417]]]}}"
2013-05-01,Holiday,National,Ecuador,Dia del Trabajo,False,-1.833316,-78.180662,"{""type"": ""Feature"", ""properties"": {""name"": ""Ecuador""}, ""geometry"": {""type"": ""Polygon"", ""coordinates"": [[[-78.171897, -1.837417], [-78.145315, -1.807798], [-78.177746, -1.787912], [-78.206447, -1.803554], [-78.208298, -1.833819], [-78.211452, -1.8398], [-78.190038, -1.860426], [-78.176939, -1.867768], [-78.171897, -1.837417]]]}}"
2013-05-11,Additional,National,Ecuador,Dia de la Madre-1,False,-1.833316,-78.180662,"{""type"": ""Feature"", ""properties"": {""name"": ""Ecuador""}, ""geometry"": {""type"": ""Polygon"", ""coordinates"": [[[-78.171897, -1.837417], [-78.145315, -1.807798], [-78.177746, -1.787912], [-78.206447, -1.803554], [-78.208298, -1.833819], [-78.211452, -1.8398], [-78.190038, -1.860426], [-78.176939, -1.867768], [-78.171897, -1.837417]]]}}"
2013-05-12,Holiday,Local,Puyo,Cantonizacion del Puyo,False,-1.485416,-77.997262,"{""type"": ""Feature"", ""properties"": {""name"": ""Puyo""}, ""geometry"": {""type"": ""Polygon"", ""coordinates"": [[[-77.959194, -1.481369], [-77.978144, -1.458], [-78.006431, -1.464928], [-78.027662, -1.463984], [-78.041321, -1.488453], [-78.006287, -1.500296], [-77.978583, -1.503475], [-77.959194, -1.481369]]]}}"
2013-05-12,Event,National,Ecuador,Dia de la Madre,False,-1.834795,-78.184262,"{""type"": ""Feature"", ""properties"": {""name"": ""Ecuador""}, ""geometry"": {""type"": ""Polygon"", ""coordinates"": [[[-78.171897, -1.837417], [-78.145315, -1.807798], [-78.177746, -1.787912], [-78.206447, -1.803554], [-78.208298, -1.833819], [-78.211452, -1.8398], [-78.190038, -1.860426], [-78.176939, -1.867768], [-78.171897, -1.837417]]]}}"
2013-05-24,Holiday,National,Ecuador,Batalla de Pichincha,False,-1.833316,-78.180662,"{""type"": ""Feature"", ""properties"": {""name"": ""Ecuador""}, ""geometry"": {""type"": ""Polygon"", ""coordinates"": [[[-78.171897, -1.837417], [-78.145315, -1.807798], [-78.177746, -1.787912], [-78.206447, -1.803554], [-78.208298, -1.833819], [-78.211452, -1.8398], [-78.190038, -1.860426], [-78.176939, -1.867768], [-78.171897, -1.837417]]]}}"
2013-06-23,Holiday,Local,Guaranda,Cantonizacion de Guaranda,False,-1.598216,-78.998962,"{""type"": ""Feature"", ""properties"": {""name"": ""Guaranda""}, ""geometry"": {""type"": ""Polygon"", ""coordinates"": [[[-78.985966, -1.59271], [-78.992031, -1.580945], [-78.999825, -1.567799], [-79.027395, -1.578999], [-79.042554, -1.599986], [-79.029715, -1.609282], [-78.995005, -1.608992], [-78.959973, -1.615462], [-78.985966, -1.59271]]]}}"
2013-06-25,Holiday,Regional,Imbabura,Provincializacion de Imbabura,False,0.347325,-78.129936,"{""type"": ""Feature"", ""properties"": {""name"": ""Imbabura""}, ""geometry"": {""type"": ""Polygon"", ""coordinates"": [[[-78.08867, 0.349781], [-78.119968, 0.360742], [-78.148337, 0.372813], [-78.153207, 0.350818], [-78.140769, 0.33981], [-78.108491, 0.323505], [-78.08867, 0.349781]]]}}"
2013-06-25,Holiday,Local,Machala,Fundacion de Machala,False,-3.255154,-79.954968,"{""type"": ""Feature"", ""properties"": {""name"": ""Machala""}, ""geometry"": {""type"": ""Polygon"", ""coordinates"": [[[-79.933635, -3.263994], [-79.94741, -3.243591], [-79.960304, -3.239386], [-79.97357, -3.228218], [-79.966874, -3.267653], [-79.957939, -3.299796], [-79.933472, -3.27494], [-79.933635, -3.263994]]]}}"
2013-06-25,Holiday,Local,Latacunga,Cantonizacion de Latacunga,False,-0.933508,-78.62142,"{""type"": ""Feature"", ""properties"": {""name"": ""Latacunga""}, ""geometry"": {""type"": ""Polygon"", ""coordinates"": [[[-78.571305, -0.9416], [-78.580608, -0.925155], [-78.625617, -0.915102], [-78.642257, -0.920602], [-78.628192, -0.944616], [-78.618622, -0.979827], [-78.604282, -0.944073], [-78.571305, -0.9416]]]}}"
2013-07-03,Holiday,Local,El Carmen,Cantonizacion de El Carmen,False,0.271634,-79.450767,"{""type"": ""Feature"", ""properties"": {""name"": ""El Carmen""}, ""geometry"": {""type"": ""Polygon"", ""coordinates"": [[[-79.419193, 0.273802], [-79.419865, 0.294453], [-79.458224, 0.302248], [-79.468835, 0.288775], [-79.459899, 0.260487], [-79.454059, 0.238144], [-79.432593, 0.225801], [-79.419193, 0.273802]]]}}"
2013-07-03,Holiday,Local,Santo Domingo,Fundacion de Santo Domingo,False,-0.257949,-79.169178,"{""type"": ""Feature"", ""properties"": {""name"": ""Santo Domingo""}, ""geometry"": {""type"": ""Polygon"", ""coordinates"": [[[-79.126297, -0.255341], [-79.165056, -0.223795], [-79.170533, -0.234162], [-79.201094, -0.22854], [-79.193433, -0.277176], [-79.175884, -0.29765], [-79.159196, -0.263979], [-79.126297, -0.255341]]]}}"
2013-07-23,Holiday,Local,Cayambe,Cantonizacion de Cayambe,False,0.037039,-78.141419,"{""type"": ""Feature"", ""properties"": {""name"": ""Cayambe""}, ""geometry"": {""type"": ""Polygon"", ""coordinates"": [[[-78.110803, 0.030731], [-78.131416, 0.047067], [-78.143311, 0.064017], [-78.180873, 0.060698], [-78.155237, 0.042783], [-78.182213, 0.032475], [-78.145975, -0.003797], [-78.11762, 0.030616], [-78.110803, 0.030731]]]}}"
2013-07-24,Additional,Local,Guayaquil,Fundacion de Guayaquil-1,False,-2.191589,-79.88572,"{""type"": ""Feature"", ""properties"": {""name"": ""Guayaquil""}, ""geometry"": {""type"": ""Polygon"", ""coordinates"": [[[-79.870948, -2.190706], [-79.880309, -2.155067], [-79.91245, -2.160113], [-79.900724, -2.183334], [-79.907446, -2.208964], [-79.871511, -2.226116], [-79.870948, -2.190706]]]}}"
2013-07-25,Holiday,Local,Guayaquil,Fundacion de Guayaquil,False,-2.192133,-79.888762,"{""type"": ""Feature"", ""properties"": {""name"": ""Guayaquil""}, ""geometry"": {""type"": ""Polygon"", ""coordinates"": [[[-79.870948, -2.190706], [-79.880309, -2.155067], [-79.91245, -2.160113], [-79.900724, -2.183334], [-79.907446, -2.208964], [-79.871511, -2.226116], [-79.870948, -2.190706]]]}}"
2013-08-05,Holiday,Local,Esmeraldas,Fundacion de Esmeraldas,False,0.956467,-79.653562,"{""type"": ""Feature"", ""properties"": {""name"": ""Esmeraldas""}, ""geometry"": {""type"": ""Polygon"", ""coordinates"": [[[-79.611747, 0.964682], [-79.631378, 0.98885], [-79.662713, 0.997423], [-79.672779, 0.953723], [-79.68388, 0.932662], [-79.645189, 0.922797], [-79.611747, 0.964682]]]}}"
2013-08-10,Holiday,National,Ecuador,Primer Grito de Independencia,False,-1.833716,-78.184152,"{""type"": ""Feature"", ""properties"": {""name"": ""Ecuador""}, ""geometry"": {""type"": ""Polygon"", ""coordinates"": [[[-78.171897, -1.837417], [-78.145315, -1.807798], [-78.177746, -1.787912], [-78.206447, -1.803554], [-78.208298, -1.833819], [-78.211452, -1.8398], [-78.190038, -1.860426], [-78.176939, -1.867768], [-78.171897, -1.837417]]]}}"
2013-08-15,Holiday,Local,Riobamba,Fundacion de Riobamba,False,-1.665616,-78.651962,"{""type"": ""Feature"", ""properties"": {""name"": ""Riobamba""}, ""geometry"": {""type"": ""Polygon"", ""coordinates"": [[[-78.642015, -1.662587], [-78.618887, -1.629499], [-78.665401, -1.639166], [-78.688402, -1.64361], [-78.679279, -1.672117], [-78.657482, -1.708561], [-78.627808, -1.681016], [-78.642015, -1.662587]]]}}"
2013-08-24,Holiday,Local,Ambato,Fundacion de Ambato,False,-1.240729,-78.62178,"{""type"": ""Feature"", ""properties"": {""name"": ""Ambato""}, ""geometry"": {""type"": ""Polygon"", ""coordinates"": [[[-78.594508, -1.252436], [-78.602473, -1.206439], [-78.622375, -1.199131], [-78.636876, -1.214541], [-78.647173, -1.248954], [-78.636122, -1.270586], [-78.60172, -1.277189], [-78.594508, -1.252436]]]}}"
2013-09-28,Holiday,Local,Ibarra,Fundacion de Ibarra,False,0.338593,-78.118935,"{""type"": ""Feature"", ""properties"": {""name"": ""Ibarra""}, ""geometry"": {""type"": ""Polygon"", ""coordinates"": [[[-78.091976, 0.340803], [-78.089813, 0.355071], [-78.122158, 0.35725], [-78.142828, 0.365224], [-78.161417, 0.340091], [-78.137135, 0.299568], [-78.121194, 0.293214], [-78.10654, 0.308382], [-78.091976, 0.340803]]]}}"
2013-10-07,Holiday,Local,Quevedo,Cantonizacion de Quevedo,False,-1.019005,-79.456839,"{""type"": ""Feature"", ""properties"": {""name"": ""Quevedo""}, ""geometry"": {""type"": ""Polygon"", ""coordinates"": [[[-79.431465, -1.020622], [-79.434061, -0.996655], [-79.457698, -1.007943], [-79.478669, -0.993233], [-79.476376, -1.023112], [-79.468573, -1.03937], [-79.454839, -1.051895], [-79.434534, -1.037277], [-79.431465, -1.020622]]]}}"
2013-10-09,Holiday,National,Ecuador,Independencia de Guayaquil,True,-1.831811,-78.182217,"{""type"": ""Feature"", ""properties"": {""name"": ""Ecuador""}, ""geometry"": {""type"": ""Polygon"", ""coordinates"": [[[-78.171897, -1.837417], [-78.145315, -1.807798], [-78.177746, -1.787912], [-78.206447, -1.803554], [-78.208298, -1.833819], [-78.211452, -1.8398], [-78.190038, -1.860426], [-78.176939, -1.867768], [-78.171897, -1.837417]]]}}"
2013-10-11,Transfer,National,Ecuador,Traslado Independencia de Guayaquil,False,-1.833316,-78.180662,"{""type"": ""Feature"", ""properties"": {""name"": ""Ecuador""}, ""geometry"": {""type"": ""Polygon"", ""coordinates"": [[[-78.171897, -1.837417], [-78.145315, -1.807798], [-78.177746, -1.787912], [-78.206447, -1.803554], [-78.208298, -1.833819], [-78.211452, -1.8398], [-78.190038, -1.860426], [-78.176939, -1.867768], [-78.171897, -1.837417]]]}}"
2013-11-02,Holiday,National,Ecuador,Dia de Difuntos,False,-1.833316,-78.180662,"{""type"": ""Feature"", ""properties"": {""name"": ""Ecuador""}, ""geometry"": {""type"": ""Polygon"", ""coordinates"": [[[-78.171897, -1.837417], [-78.145315, -1.807798], [-78.177746, -1.787912], [-78.206447, -1.803554], [-78.208298, -1.833819], [-78.211452, -1.8398], [-78.190038, -1.860426], [-78.176939, -1.867768], [-78.171897, -1.837417]]]}}"
2013-11-03,Holiday,National,Ecuador,Independencia de Cuenca,False,-1.833316,-78.180662,"{""type"": ""Feature"", ""properties"": {""name"": ""Ecuador""}, ""geometry"": {""type"": ""Polygon"", ""coordinates"": [[[-78.171897, -1.837417], [-78.145315, -1.807798], [-78.177746, -1.787912], [-78.206447, -1.803554], [-78.208298, -1.833819], [-78.211452, -1.8398], [-78.190038, -1.860426], [-78.176939, -1.867768], [-78.171897, -1.837417]]]}}"
2013-11-06,Holiday,Regional,Santo Domingo de los Tsachilas,Provincializacion de Santo Domingo,False,-0.255316,-79.169162,"{""type"": ""Feature"", ""properties"": {""name"": ""Santo Domingo de los Tsachilas""}, ""geometry"": {""type"": ""Polygon"", ""coordinates"": [[[-79.13916, -0.262725], [-79.164314, -0.221606], [-79.213581, -0.234189], [-79.184342, -0.262902], [-79.157067, -0.270051], [-79.13916, -0.262725]]]}}"
2013-11-07,Holiday,Regional,Santa Elena,Provincializacion Santa Elena,False,-2.227045,-80.85882,"{""type"": ""Feature"", ""properties"": {""name"": ""Santa Elena""}, ""geometry"": {""type"": ""Polygon"", ""coordinates"": [[[-80.826779, -2.228254], [-80.831171, -2.213466], [-80.866151, -2.187341], [-80.870327, -2.201713], [-80.903612, -2.217254], [-80.886343, -2.252129], [-80.864311, -2.263884], [-80.849672, -2.248975], [-80.826779, -2.228254]]]}}"
2013-11-10,Holiday,Local,Guaranda,Independencia de Guaranda,False,-1.601086,-78.999626,"{""type"": ""Feature"", ""properties"": {""name"": ""Guaranda""}, ""geometry"": {""type"": ""Polygon"", ""coordinates"": [[[-78.985966, -1.59271], [-78.992031, -1.580945], [-78.999825, -1.567799], [-79.027395, -1.578999], [-79.042554, -1.599986], [-79.029715, -1.609282], [-78.995005, -1.608992], [-78.959973, -1.615462], [-78.985966, -1.59271]]]}}"
2013-11-11,Holiday,Local,Latacunga,Independencia de Latacunga,False,-0.935975,-78.613336,"{""type"": ""Feature"", ""properties"": {""name"": ""Latacunga""}, ""geometry"": {""type"": ""Polygon"", ""coordinates"": [[[-78.571305, -0.9416], [-78.580608, -0.925155], [-78.625617, -0.915102], [-78.642257, -0.920602], [-78.628192, -0.944616], [-78.618622, -0.979827], [-78.604282, -0.944073], [-78.571305, -0.9416]]]}}"
2013-11-12,Holiday,Local,Ambato,Independencia de Ambato,False,-1.236766,-78.620467,"{""type"": ""Feature"", ""properties"": {""name"": ""Ambato""}, ""geometry"": {""type"": ""Polygon"", ""coordinates"": [[[-78.594508, -1.252436], [-78.602473, -1.206439], [-78.622375, -1.199131], [-78.636876, -1.214541], [-78.647173, -1.248954], [-78.636122, -1.270586], [-78.60172, -1.277189], [-78.594508, -1.252436]]]}}"
2013-12-05,Additional,Local,Quito,Fundacion de Quito-1,False,-0.181307,-78.464535,"{""type"": ""Feature"", ""properties"": {""name"": ""Quito""}, ""geometry"": {""type"": ""Polygon"", ""coordinates"": [[[-78.437611, -0.183398], [-78.458757, -0.169469], [-78.48239, -0.153107], [-78.485552, -0.185461], [-78.482256, -0.220878], [-78.457157, -0.210665], [-78.437611, -0.183398]]]}}"
2013-12-06,Holiday,Local,Quito,Fundacion de Quito,False,-0.183439,-78.469265,"{""type"": ""Feature"", ""properties"": {""name"": ""Quito""}, ""geometry"": {""type"": ""Polygon"", ""coordinates"": [[[-78.437611, -0.183398], [-78.458757, -0.169469], [-78.48239, -0.153107], [-78.485552, -0.185461], [-78.482256, -0.220878], [-78.457157, -0.210665], [-78.437611, -0.183398]]]}}"
2013-12-08,Holiday,Local,Loja,Fundacion de Loja,False,-3.995839,-79.205665,"{""type"": ""Feature"", ""properties"": {""name"": ""Loja""}, ""geometry"": {""type"": ""Polygon"", ""coordinates"": [[[-79.185869, -3.989018], [-79.19537, -3.981091], [-79.205712, -3.96874], [-79.22986, -3.978441], [-79.226041, -4.002451], [-79.209581, -4.01707], [-79.178079, -4.028411], [-79.185869, -3.989018]]]}}"
2013-12-21,Additional,National,Ecuador,Navidad-4,False,-1.831996,-78.188225,"{""type"": ""Feature"", ""properties"": {""name"": ""Ecuador""}, ""geometry"": {""type"": ""Polygon"", ""coordinates"": [[[-78.171897, -1.837417], [-78.145315, -1.807798], [-78.177746, -1.787912], [-78.206447, -1.803554], [-78.208298, -1.833819], [-78.211452, -1.8398], [-78.190038, -1.860426], [-78.176939, -1.867768], [-78.171897, -1.837417]]]}}"
2013-12-22,Additional,National,Ecuador,Navidad-3,False,-1.833316,-78.180662,"{""type"": ""Feature"", ""properties"": {""name"": ""Ecuador""}, ""geometry"": {""type"": ""Polygon"", ""coordinates"": [[[-78.171897, -1.837417], [-78.145315, -1.807798], [-78.177746, -1.787912], [-78.206447, -1.803554], [-78.208298, -1.833819], [-78.211452, -1.8398], [-78.190038, -1.860426], [-78.176939, -1.867768], [-78.171897, -1.837417]]]}}"
2013-12-22,Holiday,Local,Salinas,Cantonizacion de Salinas,False,-2.202116,-80.963962,"{""type"": ""Feature"", ""properties"": {""name"": ""Salinas""}, ""geometry"": {""type"": ""Polygon"", ""coordinates"": [[[-80.935268, -2.209911], [-80.949516, -2.154312], [-80.983717, -2.175431], [-80.980769, -2.199129], [-80.972881, -2.228736], [-80.959656, -2.224763], [-80.935268, -2.209911]]]}}"
2013-12-23,Additional,National,Ecuador,Navidad-2,False,-1.833684,-78.179684,"{""type"": ""Feature"", ""properties"": {""name"": ""Ecuador""}, ""geometry"": {""type"": ""Polygon"", ""coordinates"": [[[-78.171897, -1.837417], [-78.145315, -1.807798], [-78.177746, -1.787912], [-78.206447, -1.803554], [-78.208298, -1.833819], [-78.211452, -1.8398], [-78.190038, -1.860426], [-78.176939, -1.867768], [-78.171897, -1.837417]]]}}"
2013-12-24,Additional,National,Ecuador,Navidad-1,False,-1.833316,-78.180662,"{""type"": ""Feature"", ""properties"": {""name"": ""Ecuador""}, ""geometry"": {""type"": ""Polygon"", ""coordinates"": [[[-78.171897, -1.837417], [-78.145315, -1.807798], [-78.177746, -1.787912], [-78.206447, -1.803554], [-78.208298, -1.833819], [-78.211452, -1.8398], [-78.190038, -1.860426], [-78.176939, -1.867768], [-78.171897, -1.837417]]]}}"
2013-12-25,Holiday,National,Ecuador,Navidad,False,-1.833316,-78.180662,"{""type"": ""Feature"", ""properties"": {""name"": ""Ecuador""}, ""geometry"": {""type"": ""Polygon"", ""coordinates"": [[[-78.171897, -1.837417], [-78.145315, -1.807798], [-78.177746, -1.787912], [-78.206447, -1.803554], [-78.208298, -1.833819], [-78.211452, -1.8398], [-78.190038, -1.860426], [-78.176939, -1.867768], [-78.171897, -1.837417]]]}}"
2013-12-26,Additional,National,Ecuador,Navidad+1,False,-1.833316,-78.180662,"{""type"": ""Feature"", ""properties"": {""name"": ""Ecuador""}, ""geometry"": {""type"": ""Polygon"", ""coordinates"": [[[-78.171897, -1.837417], [-78.145315, -1.807798], [-78.177746, -1.787912], [-78.206447, -1.803554], [-78.208298, -1.833819], [-78.211452, -1.8398], [-78.190038, -1.860426], [-78.176939, -1.867768], [-78.171897, -1.837417]]]}}"
2013-12-31,Additional,National,Ecuador,Primer dia del ano-1,False,-1.833316,-78.180662,"{""type"": ""Feature"", ""properties"": {""name"": ""Ecuador""}, ""geometry"": {""type"": ""Polygon"", ""coordinates"": [[[-78.171897, -1.837417], [-78.145315, -1.807798], [-78.177746, -1.787912], [-78.206447, -1.803554], [-78.208298, -1.833819], [-78.211452, -1.8398], [-78.190038, -1.860426], [-78.176939, -1.867768], [-78.171897, -1.837417]]]}}"
2014-01-01,Holiday,National,Ecuador,Primer dia del ano,False,-1.833316,-78.180662,"{""type"": ""Feature"", ""properties"": {""name"": ""Ecuador""}, ""geometry"": {""type"": ""Polygon"", ""coordinates"": [[[-78.171897, -1.837417], [-78.145315, -1.807798], [-78.177746, -1.787912], [-78.206447, -1.803554], [-78.208298, -1.833819], [-78.211452, -1.8398], [-78.190038, -1.860426], [-78.176939, -1.867768], [-78.171897, -1.837417]]]}}"
2014-03-02,Holiday,Local,Manta,Fundacion de Manta,False,-0.952116,-80.730562,"{""type"": ""Feature"", ""properties"": {""name"": ""Manta""}, ""geometry"": {""type"": ""Polygon"", ""coordinates"": [[[-80.709528, -0.951689], [-80.702256, -0.937864], [-80.736989, -0.939793], [-80.774345, -0.932895], [-80.74908, -0.97058], [-80.746825, -0.98151], [-80.716421, -0.975387], [-80.709528, -0.951689]]]}}"
2014-03-03,Holiday,National,Ecuador,Carnaval,False,-1.829333,-78.186952,"{""type"": ""Feature"", ""properties"": {""name"": ""Ecuador""}, ""geometry"": {""type"": ""Polygon"", ""coordinates"": [[[-78.171897, -1.837417], [-78.145315, -1.807798], [-78.177746, -1.787912], [-78.206447, -1.803554], [-78.208298, -1.833819], [-78.211452, -1.8398], [-78.190038, -1.860426], [-78.176939, -1.867768], [-78.171897, -1.837417]]]}}"
2014-03-04,Holiday,National,Ecuador,Carnaval,False,-1.833316,-78.180662,"{""type"": ""Feature"", ""properties"": {""name"": ""Ecuador""}, ""geometry"": {""type"": ""Polygon"", ""coordinates"": [[[-78.171897, -1.837417], [-78.145315, -1.807798], [-78.177746, -1.787912], [-78.206447, -1.803554], [-78.208298, -1.833819], [-78.211452, -1.8398], [-78.190038, -1.860426], [-78.176939, -1.867768], [-78.171897, -1.837417]]]}}"
2014-04-01,Holiday,Regional,Cotopaxi,Provincializacion de Cotopaxi,False,-0.685416,-78.580562,"{""type"": ""Feature"", ""properties"": {""name"": ""Cotopaxi""}, ""geometry"": {""type"": ""Polygon"", ""coordinates"": [[[-78.560151, -0.691119], [-78.576167, -0.656603], [-78.598046, -0.641604], [-78.605677, -0.686055], [-78.608761, -0.710618], [-78.570553, -0.707606], [-78.560151, -0.691119]]]}}"
2014-04-12,Holiday,Local,Cuenca,Fundacion de Cuenca,False,-2.899172,-79.004984,"{""type"": ""Feature"", ""properties"": {""name"": ""Cuenca""}, ""geometry"": {""type"": ""Polygon"", ""coordinates"": [[[-78.96073, -2.906069], [-78.9977, -2.878558], [-79.034846, -2.870613], [-79.013318, -2.91418], [-78.992186, -2.928341], [-78.96073, -2.906069]]]}}"
2014-04-14,Holiday,Local,Libertad,Cantonizacion de Libertad,False,-2.237104,-80.899753,"{""type"": ""Feature"", ""properties"": {""name"": ""Libertad""}, ""geometry"": {""type"": ""Polygon"", ""coordinates"": [[[-80.877378, -2.235152], [-80.889042, -2.219178], [-80.908202, -2.217817], [-80.934435, -2.208827], [-80.939225, -2.23558], [-80.936182, -2.246889], [-80.899818, -2.245097], [-80.88496, -2.244889], [-80.877378, -2.235152]]]}}"
2014-04-18,Holiday,National,Ecuador,Viernes Santo,False,-1.830871,-78.187216,"{""type"": ""Feature"", ""properties"": {""name"": ""Ecuador""}, ""geometry"": {""type"": ""Polygon"", ""coordinates"": [[[-78.171897, -1.837417], [-78.145315, -1.807798], [-78.177746, -1.787912], [-78.206447, -1.803554], [-78.208298, -1.833819], [-78.211452, -1.8398], [-78.190038, -1.860426], [-78.176939, -1.867768], [-78.171897, -1.837417]]]}}"
2014-04-21,Holiday,Local,Riobamba,Cantonizacion de Riobamba,False,-1.665616,-78.651962,"{""type"": ""Feature"", ""properties"": {""name"": ""Riobamba""}, ""geometry"": {""type"": ""Polygon"", ""coordinates"": [[[-78.642015, -1.662587], [-78.618887, -1.629499], [-78.665401, -1.639166], [-78.688402, -1.64361], [-78.679279, -1.672117], [-78.657482, -1.708561], [-78.627808, -1.681016], [-78.642015, -1.662587]]]}}"
2014-05-01,Holiday,National,Ecuador,Dia del Trabajo,False,-1.830229,-78.18548,"{""type"": ""Feature"", ""properties"": {""name"": ""Ecuador""}, ""geometry"": {""type"": ""Polygon"", ""coordinates"": [[[-78.171897, -1.837417], [-78.145315, -1.807798], [-78.177746, -1.787912], [-78.206447, -1.803554], [-78.208298, -1.833819], [-78.211452, -1.8398], [-78.190038, -1.860426], [-78.176939, -1.867768], [-78.171897, -1.837417]]]}}"
2014-05-10,Additional,National,Ecuador,Dia de la Madre-1,False,-1.833316,-78.180662,"{""type"": ""Feature"", ""properties"": {""name"": ""Ecuador""}, ""geometry"": {""type"": ""Polygon"", ""coordinates"": [[[-78.171897, -1.837417], [-78.145315, -1.807798], [-78.177746, -1.787912], [-78.206447, -1.803554], [-78.208298, -1.833819], [-78.211452, -1.8398], [-78.190038, -1.860426], [-78.176939, -1.867768], [-78.171897, -1.837417]]]}}"
2014-05-11,Event,National,Ecuador,Dia de la Madre,False,-1.833316,-78.180662,"{""type"": ""Feature"", ""properties"": {""name"": ""Ecuador""}, ""geometry"": {""type"": ""Polygon"", ""coordinates"": [[[-78.171897, -1.837417], [-78.145315, -1.807798], [-78.177746, -1.787912], [-78.206447, -1.803554], [-78.208298, -1.833819], [-78.211452, -1.8398], [-78.190038, -1.860426], [-78.176939, -1.867768], [-78.171897, -1.837417]]]}}"
2014-05-12,Holiday,Local,Puyo,Cantonizacion del Puyo,False,-1.485416,-77.997262,"{""type"": ""Feature"", ""properties"": {""name"": ""Puyo""}, ""geometry"": {""type"": ""Polygon"", ""coordinates"": [[[-77.959194, -1.481369], [-77.978144, -1.458], [-78.006431, -1.464928], [-78.027662, -1.463984], [-78.041321, -1.488453], [-78.006287, -1.500296], [-77.978583, -1.503475], [-77.959194, -1.481369]]]}}"
2014-05-24,Holiday,National,Ecuador,Batalla de Pichincha,False,-1.834795,-78.184262,"{""type"": ""Feature"", ""properties"": {""name"": ""Ecuador""}, ""geometry"": {""type"": ""Polygon"", ""coordinates"": [[[-78.171897, -1.837417], [-78.145315, -1.807798], [-78.177746, -1.787912], [-78.206447, -1.803554], [-78.208298, -1.833819], [-78.211452, -1.8398], [-78.190038, -1.860426], [-78.176939, -1.867768], [-78.171897, -1.837417]]]}}"
2014-06-12,Event,National,Ecuador,Inauguracion Mundial de futbol Brasil,False,-1.833316,-78.180662,"{""type"": ""Feature"", ""properties"": {""name"": ""Ecuador""}, ""geometry"": {""type"": ""Polygon"", ""coordinates"": [[[-78.171897, -1.837417], [-78.145315, -1.807798], [-78.177746, -1.787912], [-78.206447, -1.803554], [-78.208298, -1.833819], [-78.211452, -1.8398], [-78.190038, -1.860426], [-78.176939, -1.867768], [-78.171897, -1.837417]]]}}"
2014-06-15,Event,National,Ecuador,Mundial de futbol Brasil: Ecuador-Suiza,False,-1.833316,-78.180662,"{""type"": ""Feature"", ""properties"": {""name"": ""Ecuador""}, ""geometry"": {""type"": ""Polygon"", ""coordinates"": [[[-78.171897, -1.837417], [-78.145315, -1.807798], [-78.177746, -1.787912], [-78.206447, -1.803554], [-78.208298, -1.833819], [-78.211452, -1.8398], [-78.190038, -1.860426], [-78.176939, -1.867768], [-78.171897, -1.837417]]]}}"
2014-06-20,Event,National,Ecuador,Mundial de futbol Brasil: Ecuador-Honduras,False,-1.833316,-78.180662,"{""type"": ""Feature"", ""properties"": {""name"": ""Ecuador""}, ""geometry"": {""type"": ""Polygon"", ""coordinates"": [[[-78.171897, -1.837417], [-78.145315, -1.807798], [-78.177746, -1.787912], [-78.206447, -1.803554], [-78.208298, -1.833819], [-78.211452, -1.8398], [-78.190038, -1.860426], [-78.176939, -1.867768], [-78.171897, -1.837417]]]}}"
2014-06-23,Holiday,Local,Guaranda,Cantonizacion de Guaranda,False,-1.598216,-78.998962,"{""type"": ""Feature"", ""properties"": {""name"": ""Guaranda""}, ""geometry"": {""type"": ""Polygon"", ""coordinates"": [[[-78.985966, -1.59271], [-78.992031, -1.580945], [-78.999825, -1.567799], [-79.027395, -1.578999], [-79.042554, -1.599986], [-79.029715, -1.609282], [-78.995005, -1.608992], [-78.959973, -1.615462], [-78.985966, -1.59271]]]}}"
2014-06-25,Holiday,Local,Latacunga,Cantonizacion de Latacunga,False,-0.935975,-78.613336,"{""type"": ""Feature"", ""properties"": {""name"": ""Latacunga""}, ""geometry"": {""type"": ""Polygon"", ""coordinates"": [[[-78.571305, -0.9416], [-78.580608, -0.925155], [-78.625617, -0.915102], [-78.642257, -0.920602], [-78.628192, -0.944616], [-78.618622, -0.979827], [-78.604282, -0.944073], [-78.571305, -0.9416]]]}}"
2014-06-25,Holiday,Local,Machala,Fundacion de Machala,False,-3.253166,-79.956167,"{""type"": ""Feature"", ""properties"": {""name"": ""Machala""}, ""geometry"": {""type"": ""Polygon"", ""coordinates"": [[[-79.933635, -3.263994], [-79.94741, -3.243591], [-79.960304, -3.239386], [-79.97357, -3.228218], [-79.966874, -3.267653], [-79.957939, -3.299796], [-79.933472, -3.27494], [-79.933635, -3.263994]]]}}"
2014-06-25,Holiday,Regional,Imbabura,Provincializacion de Imbabura,False,0.349792,-78.13802,"{""type"": ""Feature"", ""properties"": {""name"": ""Imbabura""}, ""geometry"": {""type"": ""Polygon"", ""coordinates"": [[[-78.08867, 0.349781], [-78.119968, 0.360742], [-78.148337, 0.372813], [-78.153207, 0.350818], [-78.140769, 0.33981], [-78.108491, 0.323505], [-78.08867, 0.349781]]]}}"
2014-06-25,Event,National,Ecuador,Mundial de futbol Brasil: Ecuador-Francia,False,-1.828254,-78.182968,"{""type"": ""Feature"", ""properties"": {""name"": ""Ecuador""}, ""geometry"": {""type"": ""Polygon"", ""coordinates"": [[[-78.171897, -1.837417], [-78.145315, -1.807798], [-78.177746, -1.787912], [-78.206447, -1.803554], [-78.208298, -1.833819], [-78.211452, -1.8398], [-78.190038, -1.860426], [-78.176939, -1.867768], [-78.171897, -1.837417]]]}}"
2014-06-28,Event,National,Ecuador,Mundial de futbol Brasil: Octavos de Final,False,-1.833316,-78.180662,"{""type"": ""Feature"", ""properties"": {""name"": ""Ecuador""}, ""geometry"": {""type"": ""Polygon"", ""coordinates"": [[[-78.171897, -1.837417], [-78.145315, -1.807798], [-78.177746, -1.787912], [-78.206447, -1.803554], [-78.208298, -1.833819], [-78.211452, -1.8398], [-78.190038, -1.860426], [-78.176939, -1.867768], [-78.171897, -1.837417]]]}}"
2014-06-29,Event,National,Ecuador,Mundial de futbol Brasil: Octavos de Final,False,-1.833316,-78.180662,"{""type"": ""Feature"", ""properties"": {""name"": ""Ecuador""}, ""geometry"": {""type"": ""Polygon"", ""coordinates"": [[[-78.171897, -1.837417], [-78.145315, -1.807798], [-78.177746, -1.787912], [-78.206447, -1.803554], [-78.208298, -1.833819], [-78.211452, -1.8398], [-78.190038, -1.860426], [-78.176939, -1.867768], [-78.171897, -1.837417]]]}}"
2014-06-30,Event,National,Ecuador,Mundial de futbol Brasil: Octavos de Final,False,-1.833316,-78.180662,"{""type"": ""Feature"", ""properties"": {""name"": ""Ecuador""}, ""geometry"": {""type"": ""Polygon"", ""coordinates"": [[[-78.171897, -1.837417], [-78.145315, -1.807798], [-78.177746, -1.787912], [-78.206447, -1.803554], [-78.208298, -1.833819], [-78.211452, -1.8398], [-78.190038, -1.860426], [-78.176939, -1.867768], [-78.171897, -1.837417]]]}}"
2014-07-01,Event,National,Ecuador,Mundial de futbol Brasil: Octavos de Final,False,-1.833316,-78.180662,"{""type"": ""Feature"", ""properties"": {""name"": ""Ecuador""}, ""geometry"": {""type"": ""Polygon"", ""coordinates"": [[[-78.171897, -1.837417], [-78.145315, -1.807798], [-78.177746, -1.787912], [-78.206447, -1.803554], [-78.208298, -1.833819], [-78.211452, -1.8398], [-78.190038, -1.860426], [-78.176939, -1.867768], [-78.171897, -1.837417]]]}}"
2014-07-03,Holiday,Local,El Carmen,Cantonizacion de El Carmen,False,0.264584,-79.447262,"{""type"": ""Feature"", ""properties"": {""name"": ""El Carmen""}, ""geometry"": {""type"": ""Polygon"", ""coordinates"": [[[-79.419193, 0.273802], [-79.419865, 0.294453], [-79.458224, 0.302248], [-79.468835, 0.288775], [-79.459899, 0.260487], [-79.454059, 0.238144], [-79.432593, 0.225801], [-79.419193, 0.273802]]]}}"
2014-07-03,Holiday,Local,Santo Domingo,Fundacion de Santo Domingo,False,-0.257949,-79.169178,"{""type"": ""Feature"", ""properties"": {""name"": ""Santo Domingo""}, ""geometry"": {""type"": ""Polygon"", ""coordinates"": [[[-79.126297, -0.255341], [-79.165056, -0.223795], [-79.170533, -0.234162], [-79.201094, -0.22854], [-79.193433, -0.277176], [-79.175884, -0.29765], [-79.159196, -0.263979], [-79.126297, -0.255341]]]}}"
2014-07-04,Event,National,Ecuador,Mundial de futbol Brasil: Cuartos de Final,False,-1.833361,-78.182619,"{""type"": ""Feature"", ""properties"": {""name"": ""Ecuador""}, ""geometry"": {""type"": ""Polygon"", ""coordinates"": [[[-78.171897, -1.837417], [-78.145315, -1.807798], [-78.177746, -1.787912], [-78.206447, -1.803554], [-78.208298, -1.833819], [-78.211452, -1.8398], [-78.190038, -1.860426], [-78.176939, -1.867768], [-78.171897, -1.837417]]]}}"
2014-07-05,Event,National,Ecuador,Mundial de futbol Brasil: Cuartos de Final,False,-1.833316,-78.180662,"{""type"": ""Feature"", ""properties"": {""name"": ""Ecuador""}, ""geometry"": {""type"": ""Polygon"", ""coordinates"": [[[-78.171897, -1.837417], [-78.145315, -1.807798], [-78.177746, -1.787912], [-78.206447, -1.803554], [-78.208298, -1.833819], [-78.211452, -1.8398], [-78.190038, -1.860426], [-78.176939, -1.867768], [-78.171897, -1.837417]]]}}"
2014-07-08,Event,National,Ecuador,Mundial de futbol Brasil: Semifinales,False,-1.833316,-78.180662,"{""type"": ""Feature"", ""properties"": {""name"": ""Ecuador""}, ""geometry"": {""type"": ""Polygon"", ""coordinates"": [[[-78.171897, -1.837417], [-78.145315, -1.807798], [-78.177746, -1.787912], [-78.206447, -1.803554], [-78.208298, -1.833819], [-78.211452, -1.8398], [-78.190038, -1.860426], [-78.176939, -1.867768], [-78.171897, -1.837417]]]}}"
2014-07-09,Event,National,Ecuador,Mundial de futbol Brasil: Semifinales,False,-1.833316,-78.180662,"{""type"": ""Feature"", ""properties"": {""name"": ""Ecuador""}, ""geometry"": {""type"": ""Polygon"", ""coordinates"": [[[-78.171897, -1.837417], [-78.145315, -1.807798], [-78.177746, -1.787912], [-78.206447, -1.803554], [-78.208298, -1.833819], [-78.211452, -1.8398], [-78.190038, -1.860426], [-78.176939, -1.867768], [-78.171897, -1.837417]]]}}"
2014-07-12,Event,National,Ecuador,Mundial de futbol Brasil: Tercer y cuarto lugar,False,-1.833316,-78.180662,"{""type"": ""Feature"", ""properties"": {""name"": ""Ecuador""}, ""geometry"": {""type"": ""Polygon"", ""coordinates"": [[[-78.171897, -1.837417], [-78.145315, -1.807798], [-78.177746, -1.787912], [-78.206447, -1.803554], [-78.208298, -1.833819], [-78.211452, -1.8398], [-78.190038, -1.860426], [-78.176939, -1.867768], [-78.171897, -1.837417]]]}}"
2014-07-13,Event,National,Ecuador,Mundial de futbol Brasil: Final,False,-1.833316,-78.180662,"{""type"": ""Feature"", ""properties"": {""name"": ""Ecuador""}, ""geometry"": {""type"": ""Polygon"", ""coordinates"": [[[-78.171897, -1.837417], [-78.145315, -1.807798], [-78.177746, -1.787912], [-78.206447, -1.803554], [-78.208298, -1.833819], [-78.211452, -1.8398], [-78.190038, -1.860426], [-78.176939, -1.867768], [-78.171897, -1.837417]]]}}"
2014-07-23,Holiday,Local,Cayambe,Cantonizacion de Cayambe,False,0.037084,-78.139462,"{""type"": ""Feature"", ""properties"": {""name"": ""Cayambe""}, ""geometry"": {""type"": ""Polygon"", ""coordinates"": [[[-78.110803, 0.030731], [-78.131416, 0.047067], [-78.143311, 0.064017], [-78.180873, 0.060698], [-78.155237, 0.042783], [-78.182213, 0.032475], [-78.145975, -0.003797], [-78.11762, 0.030616], [-78.110803, 0.030731]]]}}"
2014-07-24,Additional,Local,Guayaquil,Fundacion de Guayaquil-1,False,-2.191589,-79.88572,"{""type"": ""Feature"", ""properties"": {""name"": ""Guayaquil""}, ""geometry"": {""type"": ""Polygon"", ""coordinates"": [[[-79.870948, -2.190706], [-79.880309, -2.155067], [-79.91245, -2.160113], [-79.900724, -2.183334], [-79.907446, -2.208964], [-79.871511, -2.226116], [-79.870948, -2.190706]]]}}"
2014-07-25,Holiday,Local,Guayaquil,Fundacion de Guayaquil,False,-2.192133,-79.888762,"{""type"": ""Feature"", ""properties"": {""name"": ""Guayaquil""}, ""geometry"": {""type"": ""Polygon"", ""coordinates"": [[[-79.870948, -2.190706], [-79.880309, -2.155067], [-79.91245, -2.160113], [-79.900724, -2.183334], [-79.907446, -2.208964], [-79.871511, -2.226116], [-79.870948, -2.190706]]]}}"
2014-08-05,Holiday,Local,Esmeraldas,Fundacion de Esmeraldas,False,0.956467,-79.653562,"{""type"": ""Feature"", ""properties"": {""name"": ""Esmeraldas""}, ""geometry"": {""type"": ""Polygon"", ""coordinates"": [[[-79.611747, 0.964682], [-79.631378, 0.98885], [-79.662713, 0.997423], [-79.672779, 0.953723], [-79.68388, 0.932662], [-79.645189, 0.922797], [-79.611747, 0.964682]]]}}"
2014-08-10,Holiday,National,Ecuador,Primer Grito de Independencia,False,-1.833716,-78.184152,"{""type"": ""Feature"", ""properties"": {""name"": ""Ecuador""}, ""geometry"": {""type"": ""Polygon"", ""coordinates"": [[[-78.171897, -1.837417], [-78.145315, -1.807798], [-78.177746, -1.787912], [-78.206447, -1.803554], [-78.208298, -1.833819], [-78.211452, -1.8398], [-78.190038, -1.860426], [-78.176939, -1.867768], [-78.171897, -1.837417]]]}}"
2014-08-15,Holiday,Local,Riobamba,Fundacion de Riobamba,False,-1.665616,-78.651962,"{""type"": ""Feature"", ""properties"": {""name"": ""Riobamba""}, ""geometry"": {""type"": ""Polygon"", ""coordinates"": [[[-78.642015, -1.662587], [-78.618887, -1.629499], [-78.665401, -1.639166], [-78.688402, -1.64361], [-78.679279, -1.672117], [-78.657482, -1.708561], [-78.627808, -1.681016], [-78.642015, -1.662587]]]}}"
2014-08-24,Holiday,Local,Ambato,Fundacion de Ambato,False,-1.240729,-78.62178,"{""type"": ""Feature"", ""properties"": {""name"": ""Ambato""}, ""geometry"": {""type"": ""Polygon"", ""coordinates"": [[[-78.594508, -1.252436], [-78.602473, -1.206439], [-78.622375, -1.199131], [-78.636876, -1.214541], [-78.647173, -1.248954], [-78.636122, -1.270586], [-78.60172, -1.277189], [-78.594508, -1.252436]]]}}"
2014-09-28,Holiday,Local,Ibarra,Fundacion de Ibarra,False,0.338593,-78.118935,"{""type"": ""Feature"", ""properties"": {""name"": ""Ibarra""}, ""geometry"": {""type"": ""Polygon"", ""coordinates"": [[[-78.091976, 0.340803], [-78.089813, 0.355071], [-78.122158, 0.35725], [-78.142828, 0.365224], [-78.161417, 0.340091], [-78.137135, 0.299568], [-78.121194, 0.293214], [-78.10654, 0.308382], [-78.091976, 0.340803]]]}}"
2014-10-07,Holiday,Local,Quevedo,Cantonizacion de Quevedo,False,-1.019005,-79.456839,"{""type"": ""Feature"", ""properties"": {""name"": ""Quevedo""}, ""geometry"": {""type"": ""Polygon"", ""coordinates"": [[[-79.431465, -1.020622], [-79.434061, -0.996655], [-79.457698, -1.007943], [-79.478669, -0.993233], [-79.476376, -1.023112], [-79.468573, -1.03937], [-79.454839, -1.051895], [-79.434534, -1.037277], [-79.431465, -1.020622]]]}}"
2014-10-09,Holiday,National,Ecuador,Independencia de Guayaquil,True,-1.831811,-78.182217,"{""type"": ""Feature"", ""properties"": {""name"": ""Ecuador""}, ""geometry"": {""type"": ""Polygon"", ""coordinates"": [[[-78.171897, -1.837417], [-78.145315, -1.807798], [-78.177746, -1.787912], [-78.206447, -1.803554], [-78.208298, -1.833819], [-78.211452, -1.8398], [-78.190038, -1.860426], [-78.176939, -1.867768], [-78.171897, -1.837417]]]}}"
2014-10-10,Transfer,National,Ecuador,Traslado Independencia de Guayaquil,False,-1.833316,-78.180662,"{""type"": ""Feature"", ""properties"": {""name"": ""Ecuador""}, ""geometry"": {""type"": ""Polygon"", ""coordinates"": [[[-78.171897, -1.837417], [-78.145315, -1.807798], [-78.177746, -1.787912], [-78.206447, -1.803554], [-78.208298, -1.833819], [-78.211452, -1.8398], [-78.190038, -1.860426], [-78.176939, -1.867768], [-78.171897, -1.837417]]]}}"
2014-11-02,Holiday,National,Ecuador,Dia de Difuntos,False,-1.833316,-78.180662,"{""type"": ""Feature"", ""properties"": {""name"": ""Ecuador""}, ""geometry"": {""type"": ""Polygon"", ""coordinates"": [[[-78.171897, -1.837417], [-78.145315, -1.807798], [-78.177746, -1.787912], [-78.206447, -1.803554], [-78.208298, -1.833819], [-78.211452, -1.8398], [-78.190038, -1.860426], [-78.176939, -1.867768], [-78.171897, -1.837417]]]}}"
2014-11-03,Holiday,National,Ecuador,Independencia de Cuenca,False,-1.833316,-78.180662,"{""type"": ""Feature"", ""properties"": {""name"": ""Ecuador""}, ""geometry"": {""type"": ""Polygon"", ""coordinates"": [[[-78.171897, -1.837417], [-78.145315, -1.807798], [-78.177746, -1.787912], [-78.206447, -1.803554], [-78.208298, -1.833819], [-78.211452, -1.8398], [-78.190038, -1.860426], [-78.176939, -1.867768], [-78.171897, -1.837417]]]}}"
2014-11-06,Holiday,Regional,Santo Domingo de los Tsachilas,Provincializacion de Santo Domingo,False,-0.255316,-79.169162,"{""type"": ""Feature"", ""properties"": {""name"": ""Santo Domingo de los Tsachilas""}, ""geometry"": {""type"": ""Polygon"", ""coordinates"": [[[-79.13916, -0.262725], [-79.164314, -0.221606], [-79.213581, -0.234189], [-79.184342, -0.262902], [-79.157067, -0.270051], [-79.13916, -0.262725]]]}}"
2014-11-07,Holiday,Regional,Santa Elena,Provincializacion Santa Elena,False,-2.227045,-80.85882,"{""type"": ""Feature"", ""properties"": {""name"": ""Santa Elena""}, ""geometry"": {""type"": ""Polygon"", ""coordinates"": [[[-80.826779, -2.228254], [-80.831171, -2.213466], [-80.866151, -2.187341], [-80.870327, -2.201713], [-80.903612, -2.217254], [-80.886343, -2.252129], [-80.864311, -2.263884], [-80.849672, -2.248975], [-80.826779, -2.228254]]]}}"
2014-11-10,Holiday,Local,Guaranda,Independencia de Guaranda,False,-1.601086,-78.999626,"{""type"": ""Feature"", ""properties"": {""name"": ""Guaranda""}, ""geometry"": {""type"": ""Polygon"", ""coordinates"": [[[-78.985966, -1.59271], [-78.992031, -1.580945], [-78.999825, -1.567799], [-79.027395, -1.578999], [-79.042554, -1.599986], [-79.029715, -1.609282], [-78.995005, -1.608992], [-78.959973, -1.615462], [-78.985966, -1.59271]]]}}"
2014-11-11,Holiday,Local,Latacunga,Independencia de Latacunga,False,-0.935975,-78.613336,"{""type"": ""Feature"", ""properties"": {""name"": ""Latacunga""}, ""geometry"": {""type"": ""Polygon"", ""coordinates"": [[[-78.571305, -0.9416], [-78.580608, -0.925155], [-78.625617, -0.915102], [-78.642257, -0.920602], [-78.628192, -0.944616], [-78.618622, -0.979827], [-78.604282, -0.944073], [-78.571305, -0.9416]]]}}"
2014-11-12,Holiday,Local,Ambato,Independencia de Ambato,False,-1.236766,-78.620467,"{""type"": ""Feature"", ""properties"": {""name"": ""Ambato""}, ""geometry"": {""type"": ""Polygon"", ""coordinates"": [[[-78.594508, -1.252436], [-78.602473, -1.206439], [-78.622375, -1.199131], [-78.636876, -1.214541], [-78.647173, -1.248954], [-78.636122, -1.270586], [-78.60172, -1.277189], [-78.594508, -1.252436]]]}}"
2014-11-28,Event,National,Ecuador,Black Friday,False,-1.831807,-78.180135,"{""type"": ""Feature"", ""properties"": {""name"": ""Ecuador""}, ""geometry"": {""type"": ""Polygon"", ""coordinates"": [[[-78.171897, -1.837417], [-78.145315, -1.807798], [-78.177746, -1.787912], [-78.206447, -1.803554], [-78.208298, -1.833819], [-78.211452, -1.8398], [-78.190038, -1.860426], [-78.176939, -1.867768], [-78.171897, -1.837417]]]}}"
2014-12-01,Event,National,Ecuador,Cyber Monday,False,-1.833316,-78.180662,"{""type"": ""Feature"", ""properties"": {""name"": ""Ecuador""}, ""geometry"": {""type"": ""Polygon"", ""coordinates"": [[[-78.171897, -1.837417], [-78.145315, -1.807798], [-78.177746, -1.787912], [-78.206447, -1.803554], [-78.208298, -1.833819], [-78.211452, -1.8398], [-78.190038, -1.860426], [-78.176939, -1.867768], [-78.171897, -1.837417]]]}}"
2014-12-05,Additional,Local,Quito,Fundacion de Quito-1,False,-0.182816,-78.465062,"{""type"": ""Feature"", ""properties"": {""name"": ""Quito""}, ""geometry"": {""type"": ""Polygon"", ""coordinates"": [[[-78.437611, -0.183398], [-78.458757, -0.169469], [-78.48239, -0.153107], [-78.485552, -0.185461], [-78.482256, -0.220878], [-78.457157, -0.210665], [-78.437611, -0.183398]]]}}"
2014-12-06,Holiday,Local,Quito,Fundacion de Quito,False,-0.183439,-78.469265,"{""type"": ""Feature"", ""properties"": {""name"": ""Quito""}, ""geometry"": {""type"": ""Polygon"", ""coordinates"": [[[-78.437611, -0.183398], [-78.458757, -0.169469], [-78.48239, -0.153107], [-78.485552, -0.185461], [-78.482256, -0.220878], [-78.457157, -0.210665], [-78.437611, -0.183398]]]}}"
2014-12-08,Holiday,Local,Loja,Fundacion de Loja,False,-3.995839,-79.205665,"{""type"": ""Feature"", ""properties"": {""name"": ""Loja""}, ""geometry"": {""type"": ""Polygon"", ""coordinates"": [[[-79.185869, -3.989018], [-79.19537, -3.981091], [-79.205712, -3.96874], [-79.22986, -3.978441], [-79.226041, -4.002451], [-79.209581, -4.01707], [-79.178079, -4.028411], [-79.185869, -3.989018]]]}}"
2014-12-20,Work Day,National,Ecuador,Recupero Puente Navidad,False,-1.831996,-78.188225,"{""type"": ""Feature"", ""properties"": {""name"": ""Ecuador""}, ""geometry"": {""type"": ""Polygon"", ""coordinates"": [[[-78.171897, -1.837417], [-78.145315, -1.807798], [-78.177746, -1.787912], [-78.206447, -1.803554], [-78.208298, -1.833819], [-78.211452, -1.8398], [-78.190038, -1.860426], [-78.176939, -1.867768], [-78.171897, -1.837417]]]}}"
2014-12-21,Additional,National,Ecuador,Navidad-4,False,-1.833316,-78.180662,"{""type"": ""Feature"", ""properties"": {""name"": ""Ecuador""}, ""geometry"": {""type"": ""Polygon"", ""coordinates"": [[[-78.171897, -1.837417], [-78.145315, -1.807798], [-78.177746, -1.787912], [-78.206447, -1.803554], [-78.208298, -1.833819], [-78.211452, -1.8398], [-78.190038, -1.860426], [-78.176939, -1.867768], [-78.171897, -1.837417]]]}}"
2014-12-22,Holiday,Local,Salinas,Cantonizacion de Salinas,False,-2.202116,-80.963962,"{""type"": ""Feature"", ""properties"": {""name"": ""Salinas""}, ""geometry"": {""type"": ""Polygon"", ""coordinates"": [[[-80.935268, -2.209911], [-80.949516, -2.154312], [-80.983717, -2.175431], [-80.980769, -2.199129], [-80.972881, -2.228736], [-80.959656, -2.224763], [-80.935268, -2.209911]]]}}"
2014-12-22,Additional,National,Ecuador,Navidad-3,False,-1.833684,-78.179684,"{""type"": ""Feature"", ""properties"": {""name"": ""Ecuador""}, ""geometry"": {""type"": ""Polygon"", ""coordinates"": [[[-78.171897, -1.837417], [-78.145315, -1.807798], [-78.177746, -1.787912], [-78.206447, -1.803554], [-78.208298, -1.833819], [-78.211452, -1.8398], [-78.190038, -1.860426], [-78.176939, -1.867768], [-78.171897, -1.837417]]]}}"
2014-12-23,Additional,National,Ecuador,Navidad-2,False,-1.833316,-78.180662,"{""type"": ""Feature"", ""properties"": {""name"": ""Ecuador""}, ""geometry"": {""type"": ""Polygon"", ""coordinates"": [[[-78.171897, -1.837417], [-78.145315, -1.807798], [-78.177746, -1.787912], [-78.206447, -1.803554], [-78.208298, -1.833819], [-78.211452, -1.8398], [-78.190038, -1.860426], [-78.176939, -1.867768], [-78.171897, -1.837417]]]}}"
2014-12-24,Additional,National,Ecuador,Navidad-1,False,-1.833316,-78.180662,"{""type"": ""Feature"", ""properties"": {""name"": ""Ecuador""}, ""geometry"": {""type"": ""Polygon"", ""coordinates"": [[[-78.171897, -1.837417], [-78.145315, -1.807798], [-78.177746, -1.787912], [-78.206447, -1.803554], [-78.208298, -1.833819], [-78.211452, -1.8398], [-78.190038, -1.860426], [-78.176939, -1.867768], [-78.171897, -1.837417]]]}}"
2014-12-25,Holiday,National,Ecuador,Navidad,False,-1.833316,-78.180662,"{""type"": ""Feature"", ""properties"": {""name"": ""Ecuador""}, ""geometry"": {""type"": ""Polygon"", ""coordinates"": [[[-78.171897, -1.837417], [-78.145315, -1.807798], [-78.177746, -1.787912], [-78.206447, -1.803554], [-78.208298, -1.833819], [-78.211452, -1.8398], [-78.190038, -1.860426], [-78.176939, -1.867768], [-78.171897, -1.837417]]]}}"
2014-12-26,Bridge,National,Ecuador,Puente Navidad,False,-1.833316,-78.180662,"{""type"": ""Feature"", ""properties"": {""name"": ""Ecuador""}, ""geometry"": {""type"": ""Polygon"", ""coordinates"": [[[-78.171897, -1.837417], [-78.145315, -1.807798], [-78.177746, -1.787912], [-78.206447, -1.803554], [-78.208298, -1.833819], [-78.211452, -1.8398], [-78.190038, -1.860426], [-78.176939, -1.867768], [-78.171897, -1.837417]]]}}"
2014-12-26,Additional,National,Ecuador,Navidad+1,False,-1.833316,-78.180662,"{""type"": ""Feature"", ""properties"": {""name"": ""Ecuador""}, ""geometry"": {""type"": ""Polygon"", ""coordinates"": [[[-78.171897, -1.837417], [-78.145315, -1.807798], [-78.177746, -1.787912], [-78.206447, -1.803554], [-78.208298, -1.833819], [-78.211452, -1.8398], [-78.190038, -1.860426], [-78.176939, -1.867768], [-78.171897, -1.837417]]]}}"
2014-12-31,Additional,National,Ecuador,Primer dia del ano-1,False,-1.833316,-78.180662,"{""type"": ""Feature"", ""properties"": {""name"": ""Ecuador""}, ""geometry"": {""type"": ""Polygon"", ""coordinates"": [[[-78.171897, -1.837417], [-78.145315, -1.807798], [-78.177746, -1.787912], [-78.206447, -1.803554], [-78.208298, -1.833819], [-78.211452, -1.8398], [-78.190038, -1.860426], [-78.176939, -1.867768], [-78.171897, -1.837417]]]}}"
2015-01-01,Holiday,National,Ecuador,Primer dia del ano,False,-1.833316,-78.180662,"{""type"": ""Feature"", ""properties"": {""name"": ""Ecuador""}, ""geometry"": {""type"": ""Polygon"", ""coordinates"": [[[-78.171897, -1.837417], [-78.145315, -1.807798], [-78.177746, -1.787912], [-78.206447, -1.803554], [-78.208298, -1.833819], [-78.211452, -1.8398], [-78.190038, -1.860426], [-78.176939, -1.867768], [-78.171897, -1.837417]]]}}"
2015-01-02,Bridge,National,Ecuador,Puente Primer dia del ano,False,-1.833316,-78.180662,"{""type"": ""Feature"", ""properties"": {""name"": ""Ecuador""}, ""geometry"": {""type"": ""Polygon"", ""coordinates"": [[[-78.171897, -1.837417], [-78.145315, -1.807798], [-78.177746, -1.787912], [-78.206447, -1.803554], [-78.208298, -1.833819], [-78.211452, -1.8398], [-78.190038, -1.860426], [-78.176939, -1.867768], [-78.171897, -1.837417]]]}}"
2015-01-10,Work Day,National,Ecuador,Recupero Puente Primer dia del ano,False,-1.833316,-78.180662,"{""type"": ""Feature"", ""properties"": {""name"": ""Ecuador""}, ""geometry"": {""type"": ""Polygon"", ""coordinates"": [[[-78.171897, -1.837417], [-78.145315, -1.807798], [-78.177746, -1.787912], [-78.206447, -1.803554], [-78.208298, -1.833819], [-78.211452, -1.8398], [-78.190038, -1.860426], [-78.176939, -1.867768], [-78.171897, -1.837417]]]}}"
2015-02-16,Holiday,National,Ecuador,Carnaval,False,-1.833316,-78.180662,"{""type"": ""Feature"", ""properties"": {""name"": ""Ecuador""}, ""geometry"": {""type"": ""Polygon"", ""coordinates"": [[[-78.171897, -1.837417], [-78.145315, -1.807798], [-78.177746, -1.787912], [-78.206447, -1.803554], [-78.208298, -1.833819], [-78.211452, -1.8398], [-78.190038, -1.860426], [-78.176939, -1.867768], [-78.171897, -1.837417]]]}}"
2015-02-17,Holiday,National,Ecuador,Carnaval,False,-1.833316,-78.180662,"{""type"": ""Feature"", ""properties"": {""name"": ""Ecuador""}, ""geometry"": {""type"": ""Polygon"", ""coordinates"": [[[-78.171897, -1.837417], [-78.145315, -1.807798], [-78.177746, -1.787912], [-78.206447, -1.803554], [-78.208298, -1.833819], [-78.211452, -1.8398], [-78.190038, -1.860426], [-78.176939, -1.867768], [-78.171897, -1.837417]]]}}"
2015-03-02,Holiday,Local,Manta,Fundacion de Manta,False,-0.952116,-80.730562,"{""type"": ""Feature"", ""properties"": {""name"": ""Manta""}, ""geometry"": {""type"": ""Polygon"", ""coordinates"": [[[-80.709528, -0.951689], [-80.702256, -0.937864], [-80.736989, -0.939793], [-80.774345, -0.932895], [-80.74908, -0.97058], [-80.746825, -0.98151], [-80.716421, -0.975387], [-80.709528, -0.951689]]]}}"
2015-04-01,Holiday,Regional,Cotopaxi,Provincializacion de Cotopaxi,False,-0.681433,-78.586852,"{""type"": ""Feature"", ""properties"": {""name"": ""Cotopaxi""}, ""geometry"": {""type"": ""Polygon"", ""coordinates"": [[[-78.560151, -0.691119], [-78.576167, -0.656603], [-78.598046, -0.641604], [-78.605677, -0.686055], [-78.608761, -0.710618], [-78.570553, -0.707606], [-78.560151, -0.691119]]]}}"
2015-04-03,Holiday,National,Ecuador,Viernes Santo,False,-1.832972,-78.183884,"{""type"": ""Feature"", ""properties"": {""name"": ""Ecuador""}, ""geometry"": {""type"": ""Polygon"", ""coordinates"": [[[-78.171897, -1.837417], [-78.145315, -1.807798], [-78.177746, -1.787912], [-78.206447, -1.803554], [-78.208298, -1.833819], [-78.211452, -1.8398], [-78.190038, -1.860426], [-78.176939, -1.867768], [-78.171897, -1.837417]]]}}"
2015-04-12,Holiday,Local,Cuenca,Fundacion de Cuenca,False,-2.899516,-79.001762,"{""type"": ""Feature"", ""properties"": {""name"": ""Cuenca""}, ""geometry"": {""type"": ""Polygon"", ""coordinates"": [[[-78.96073, -2.906069], [-78.9977, -2.878558], [-79.034846, -2.870613], [-79.013318, -2.91418], [-78.992186, -2.928341], [-78.96073, -2.906069]]]}}"
2015-04-14,Holiday,Local,Libertad,Cantonizacion de Libertad,False,-2.237104,-80.899753,"{""type"": ""Feature"", ""properties"": {""name"": ""Libertad""}, ""geometry"": {""type"": ""Polygon"", ""coordinates"": [[[-80.877378, -2.235152], [-80.889042, -2.219178], [-80.908202, -2.217817], [-80.934435, -2.208827], [-80.939225, -2.23558], [-80.936182, -2.246889], [-80.899818, -2.245097], [-80.88496, -2.244889], [-80.877378, -2.235152]]]}}"
2015-04-21,Holiday,Local,Riobamba,Cantonizacion de Riobamba,False,-1.663171,-78.658516,"{""type"": ""Feature"", ""properties"": {""name"": ""Riobamba""}, ""geometry"": {""type"": ""Polygon"", ""coordinates"": [[[-78.642015, -1.662587], [-78.618887, -1.629499], [-78.665401, -1.639166], [-78.688402, -1.64361], [-78.679279, -1.672117], [-78.657482, -1.708561], [-78.627808, -1.681016], [-78.642015, -1.662587]]]}}"
2015-05-01,Holiday,National,Ecuador,Dia del Trabajo,False,-1.830229,-78.18548,"{""type"": ""Feature"", ""properties"": {""name"": ""Ecuador""}, ""geometry"": {""type"": ""Polygon"", ""coordinates"": [[[-78.171897, -1.837417], [-78.145315, -1.807798], [-78.177746, -1.787912], [-78.206447, -1.803554], [-78.208298, -1.833819], [-78.211452, -1.8398], [-78.190038, -1.860426], [-78.176939, -1.867768], [-78.171897, -1.837417]]]}}"
2015-05-09,Additional,National,Ecuador,Dia de la Madre-1,False,-1.833316,-78.180662,"{""type"": ""Feature"", ""properties"": {""name"": ""Ecuador""}, ""geometry"": {""type"": ""Polygon"", ""coordinates"": [[[-78.171897, -1.837417], [-78.145315, -1.807798], [-78.177746, -1.787912], [-78.206447, -1.803554], [-78.208298, -1.833819], [-78.211452, -1.8398], [-78.190038, -1.860426], [-78.176939, -1.867768], [-78.171897, -1.837417]]]}}"
2015-05-10,Event,National,Ecuador,Dia de la Madre,False,-1.833316,-78.180662,"{""type"": ""Feature"", ""properties"": {""name"": ""Ecuador""}, ""geometry"": {""type"": ""Polygon"", ""coordinates"": [[[-78.171897, -1.837417], [-78.145315, -1.807798], [-78.177746, -1.787912], [-78.206447, -1.803554], [-78.208298, -1.833819], [-78.211452, -1.8398], [-78.190038, -1.860426], [-78.176939, -1.867768], [-78.171897, -1.837417]]]}}"
2015-05-12,Holiday,Local,Puyo,Cantonizacion del Puyo,False,-1.485416,-77.997262,"{""type"": ""Feature"", ""properties"": {""name"": ""Puyo""}, ""geometry"": {""type"": ""Polygon"", ""coordinates"": [[[-77.959194, -1.481369], [-77.978144, -1.458], [-78.006431, -1.464928], [-78.027662, -1.463984], [-78.041321, -1.488453], [-78.006287, -1.500296], [-77.978583, -1.503475], [-77.959194, -1.481369]]]}}"
2015-05-24,Holiday,National,Ecuador,Batalla de Pichincha,False,-1.834795,-78.184262,"{""type"": ""Feature"", ""properties"": {""name"": ""Ecuador""}, ""geometry"": {""type"": ""Polygon"", ""coordinates"": [[[-78.171897, -1.837417], [-78.145315, -1.807798], [-78.177746, -1.787912], [-78.206447, -1.803554], [-78.208298, -1.833819], [-78.211452, -1.8398], [-78.190038, -1.860426], [-78.176939, -1.867768], [-78.171897, -1.837417]]]}}"
2015-06-23,Holiday,Local,Guaranda,Cantonizacion de Guaranda,False,-1.598216,-78.998962,"{""type"": ""Feature"", ""properties"": {""name"": ""Guaranda""}, ""geometry"": {""type"": ""Polygon"", ""coordinates"": [[[-78.985966, -1.59271], [-78.992031, -1.580945], [-78.999825, -1.567799], [-79.027395, -1.578999], [-79.042554, -1.599986], [-79.029715, -1.609282], [-78.995005, -1.608992], [-78.959973, -1.615462], [-78.985966, -1.59271]]]}}"
2015-06-25,Holiday,Local,Machala,Fundacion de Machala,False,-3.260775,-79.952036,"{""type"": ""Feature"", ""properties"": {""name"": ""Machala""}, ""geometry"": {""type"": ""Polygon"", ""coordinates"": [[[-79.933635, -3.263994], [-79.94741, -3.243591], [-79.960304, -3.239386], [-79.97357, -3.228218], [-79.966874, -3.267653], [-79.957939, -3.299796], [-79.933472, -3.27494], [-79.933635, -3.263994]]]}}"
2015-06-25,Holiday,Regional,Imbabura,Provincializacion de Imbabura,False,0.349792,-78.13802,"{""type"": ""Feature"", ""properties"": {""name"": ""Imbabura""}, ""geometry"": {""type"": ""Polygon"", ""coordinates"": [[[-78.08867, 0.349781], [-78.119968, 0.360742], [-78.148337, 0.372813], [-78.153207, 0.350818], [-78.140769, 0.33981], [-78.108491, 0.323505], [-78.08867, 0.349781]]]}}"
2015-06-25,Holiday,Local,Latacunga,Cantonizacion de Latacunga,False,-0.930354,-78.616268,"{""type"": ""Feature"", ""properties"": {""name"": ""Latacunga""}, ""geometry"": {""type"": ""Polygon"", ""coordinates"": [[[-78.571305, -0.9416], [-78.580608, -0.925155], [-78.625617, -0.915102], [-78.642257, -0.920602], [-78.628192, -0.944616], [-78.618622, -0.979827], [-78.604282, -0.944073], [-78.571305, -0.9416]]]}}"
2015-07-03,Holiday,Local,El Carmen,Cantonizacion de El Carmen,False,0.271634,-79.450767,"{""type"": ""Feature"", ""properties"": {""name"": ""El Carmen""}, ""geometry"": {""type"": ""Polygon"", ""coordinates"": [[[-79.419193, 0.273802], [-79.419865, 0.294453], [-79.458224, 0.302248], [-79.468835, 0.288775], [-79.459899, 0.260487], [-79.454059, 0.238144], [-79.432593, 0.225801], [-79.419193, 0.273802]]]}}"
2015-07-03,Holiday,Local,Santo Domingo,Fundacion de Santo Domingo,False,-0.257949,-79.169178,"{""type"": ""Feature"", ""properties"": {""name"": ""Santo Domingo""}, ""geometry"": {""type"": ""Polygon"", ""coordinates"": [[[-79.126297, -0.255341], [-79.165056, -0.223795], [-79.170533, -0.234162], [-79.201094, -0.22854], [-79.193433, -0.277176], [-79.175884, -0.29765], [-79.159196, -0.263979], [-79.126297, -0.255341]]]}}"
2015-07-23,Holiday,Local,Cayambe,Cantonizacion de Cayambe,False,0.037039,-78.141419,"{""type"": ""Feature"", ""properties"": {""name"": ""Cayambe""}, ""geometry"": {""type"": ""Polygon"", ""coordinates"": [[[-78.110803, 0.030731], [-78.131416, 0.047067], [-78.143311, 0.064017], [-78.180873, 0.060698], [-78.155237, 0.042783], [-78.182213, 0.032475], [-78.145975, -0.003797], [-78.11762, 0.030616], [-78.110803, 0.030731]]]}}"
2015-07-24,Holiday,Local,Guayaquil,Fundacion de Guayaquil-1,False,-2.191589,-79.88572,"{""type"": ""Feature"", ""properties"": {""name"": ""Guayaquil""}, ""geometry"": {""type"": ""Polygon"", ""coordinates"": [[[-79.870948, -2.190706], [-79.880309, -2.155067], [-79.91245, -2.160113], [-79.900724, -2.183334], [-79.907446, -2.208964], [-79.871511, -2.226116], [-79.870948, -2.190706]]]}}"
2015-07-25,Holiday,Local,Guayaquil,Fundacion de Guayaquil,False,-2.192133,-79.888762,"{""type"": ""Feature"", ""properties"": {""name"": ""Guayaquil""}, ""geometry"": {""type"": ""Polygon"", ""coordinates"": [[[-79.870948, -2.190706], [-79.880309, -2.155067], [-79.91245, -2.160113], [-79.900724, -2.183334], [-79.907446, -2.208964], [-79.871511, -2.226116], [-79.870948, -2.190706]]]}}"
2015-08-05,Holiday,Local,Esmeraldas,Fundacion de Esmeraldas,False,0.956467,-79.653562,"{""type"": ""Feature"", ""properties"": {""name"": ""Esmeraldas""}, ""geometry"": {""type"": ""Polygon"", ""coordinates"": [[[-79.611747, 0.964682], [-79.631378, 0.98885], [-79.662713, 0.997423], [-79.672779, 0.953723], [-79.68388, 0.932662], [-79.645189, 0.922797], [-79.611747, 0.964682]]]}}"
2015-08-10,Holiday,National,Ecuador,Primer Grito de Independencia,False,-1.833716,-78.184152,"{""type"": ""Feature"", ""properties"": {""name"": ""Ecuador""}, ""geometry"": {""type"": ""Polygon"", ""coordinates"": [[[-78.171897, -1.837417], [-78.145315, -1.807798], [-78.177746, -1.787912], [-78.206447, -1.803554], [-78.208298, -1.833819], [-78.211452, -1.8398], [-78.190038, -1.860426], [-78.176939, -1.867768], [-78.171897, -1.837417]]]}}"
2015-08-15,Holiday,Local,Riobamba,Fundacion de Riobamba,False,-1.665616,-78.651962,"{""type"": ""Feature"", ""properties"": {""name"": ""Riobamba""}, ""geometry"": {""type"": ""Polygon"", ""coordinates"": [[[-78.642015, -1.662587], [-78.618887, -1.629499], [-78.665401, -1.639166], [-78.688402, -1.64361], [-78.679279, -1.672117], [-78.657482, -1.708561], [-78.627808, -1.681016], [-78.642015, -1.662587]]]}}"
2015-08-24,Holiday,Local,Ambato,Fundacion de Ambato,False,-1.240729,-78.62178,"{""type"": ""Feature"", ""properties"": {""name"": ""Ambato""}, ""geometry"": {""type"": ""Polygon"", ""coordinates"": [[[-78.594508, -1.252436], [-78.602473, -1.206439], [-78.622375, -1.199131], [-78.636876, -1.214541], [-78.647173, -1.248954], [-78.636122, -1.270586], [-78.60172, -1.277189], [-78.594508, -1.252436]]]}}"
2015-09-28,Holiday,Local,Ibarra,Fundacion de Ibarra,False,0.338593,-78.118935,"{""type"": ""Feature"", ""properties"": {""name"": ""Ibarra""}, ""geometry"": {""type"": ""Polygon"", ""coordinates"": [[[-78.091976, 0.340803], [-78.089813, 0.355071], [-78.122158, 0.35725], [-78.142828, 0.365224], [-78.161417, 0.340091], [-78.137135, 0.299568], [-78.121194, 0.293214], [-78.10654, 0.308382], [-78.091976, 0.340803]]]}}"
2015-10-07,Holiday,Local,Quevedo,Cantonizacion de Quevedo,False,-1.019005,-79.456839,"{""type"": ""Feature"", ""properties"": {""name"": ""Quevedo""}, ""geometry"": {""type"": ""Polygon"", ""coordinates"": [[[-79.431465, -1.020622], [-79.434061, -0.996655], [-79.457698, -1.007943], [-79.478669, -0.993233], [-79.476376, -1.023112], [-79.468573, -1.03937], [-79.454839, -1.051895], [-79.434534, -1.037277], [-79.431465, -1.020622]]]}}"
2015-10-09,Holiday,National,Ecuador,Independencia de Guayaquil,False,-1.831811,-78.182217,"{""type"": ""Feature"", ""properties"": {""name"": ""Ecuador""}, ""geometry"": {""type"": ""Polygon"", ""coordinates"": [[[-78.171897, -1.837417], [-78.145315, -1.807798], [-78.177746, -1.787912], [-78.206447, -1.803554], [-78.208298, -1.833819], [-78.211452, -1.8398], [-78.190038, -1.860426], [-78.176939, -1.867768], [-78.171897, -1.837417]]]}}"
2015-11-02,Holiday,National,Ecuador,Dia de Difuntos,False,-1.833316,-78.180662,"{""type"": ""Feature"", ""properties"": {""name"": ""Ecuador""}, ""geometry"": {""type"": ""Polygon"", ""coordinates"": [[[-78.171897, -1.837417], [-78.145315, -1.807798], [-78.177746, -1.787912], [-78.206447, -1.803554], [-78.208298, -1.833819], [-78.211452, -1.8398], [-78.190038, -1.860426], [-78.176939, -1.867768], [-78.171897, -1.837417]]]}}"
2015-11-03,Holiday,National,Ecuador,Independencia de Cuenca,False,-1.833316,-78.180662,"{""type"": ""Feature"", ""properties"": {""name"": ""Ecuador""}, ""geometry"": {""type"": ""Polygon"", ""coordinates"": [[[-78.171897, -1.837417], [-78.145315, -1.807798], [-78.177746, -1.787912], [-78.206447, -1.803554], [-78.208298, -1.833819], [-78.211452, -1.8398], [-78.190038, -1.860426], [-78.176939, -1.867768], [-78.171897, -1.837417]]]}}"
2015-11-06,Holiday,Regional,Santo Domingo de los Tsachilas,Provincializacion de Santo Domingo,False,-0.255316,-79.169162,"{""type"": ""Feature"", ""properties"": {""name"": ""Santo Domingo de los Tsachilas""}, ""geometry"": {""type"": ""Polygon"", ""coordinates"": [[[-79.13916, -0.262725], [-79.164314, -0.221606], [-79.213581, -0.234189], [-79.184342, -0.262902], [-79.157067, -0.270051], [-79.13916, -0.262725]]]}}"
2015-11-07,Holiday,Regional,Santa Elena,Provincializacion Santa Elena,False,-2.227045,-80.85882,"{""type"": ""Feature"", ""properties"": {""name"": ""Santa Elena""}, ""geometry"": {""type"": ""Polygon"", ""coordinates"": [[[-80.826779, -2.228254], [-80.831171, -2.213466], [-80.866151, -2.187341], [-80.870327, -2.201713], [-80.903612, -2.217254], [-80.886343, -2.252129], [-80.864311, -2.263884], [-80.849672, -2.248975], [-80.826779, -2.228254]]]}}"
2015-11-10,Holiday,Local,Guaranda,Independencia de Guaranda,False,-1.601086,-78.999626,"{""type"": ""Feature"", ""properties"": {""name"": ""Guaranda""}, ""geometry"": {""type"": ""Polygon"", ""coordinates"": [[[-78.985966, -1.59271], [-78.992031, -1.580945], [-78.999825, -1.567799], [-79.027395, -1.578999], [-79.042554, -1.599986], [-79.029715, -1.609282], [-78.995005, -1.608992], [-78.959973, -1.615462], [-78.985966, -1.59271]]]}}"
2015-11-11,Holiday,Local,Latacunga,Independencia de Latacunga,False,-0.935975,-78.613336,"{""type"": ""Feature"", ""properties"": {""name"": ""Latacunga""}, ""geometry"": {""type"": ""Polygon"", ""coordinates"": [[[-78.571305, -0.9416], [-78.580608, -0.925155], [-78.625617, -0.915102], [-78.642257, -0.920602], [-78.628192, -0.944616], [-78.618622, -0.979827], [-78.604282, -0.944073], [-78.571305, -0.9416]]]}}"
2015-11-12,Holiday,Local,Ambato,Independencia de Ambato,False,-1.236766,-78.620467,"{""type"": ""Feature"", ""properties"": {""name"": ""Ambato""}, ""geometry"": {""type"": ""Polygon"", ""coordinates"": [[[-78.594508, -1.252436], [-78.602473, -1.206439], [-78.622375, -1.199131], [-78.636876, -1.214541], [-78.647173, -1.248954], [-78.636122, -1.270586], [-78.60172, -1.277189], [-78.594508, -1.252436]]]}}"
2015-11-27,Event,National,Ecuador,Black Friday,False,-1.831807,-78.180135,"{""type"": ""Feature"", ""properties"": {""name"": ""Ecuador""}, ""geometry"": {""type"": ""Polygon"", ""coordinates"": [[[-78.171897, -1.837417], [-78.145315, -1.807798], [-78.177746, -1.787912], [-78.206447, -1.803554], [-78.208298, -1.833819], [-78.211452, -1.8398], [-78.190038, -1.860426], [-78.176939, -1.867768], [-78.171897, -1.837417]]]}}"
2015-11-30,Event,National,Ecuador,Cyber Monday,False,-1.833316,-78.180662,"{""type"": ""Feature"", ""properties"": {""name"": ""Ecuador""}, ""geometry"": {""type"": ""Polygon"", ""coordinates"": [[[-78.171897, -1.837417], [-78.145315, -1.807798], [-78.177746, -1.787912], [-78.206447, -1.803554], [-78.208298, -1.833819], [-78.211452, -1.8398], [-78.190038, -1.860426], [-78.176939, -1.867768], [-78.171897, -1.837417]]]}}"
2015-12-05,Additional,Local,Quito,Fundacion de Quito-1,False,-0.182816,-78.465062,"{""type"": ""Feature"", ""properties"": {""name"": ""Quito""}, ""geometry"": {""type"": ""Polygon"", ""coordinates"": [[[-78.437611, -0.183398], [-78.458757, -0.169469], [-78.48239, -0.153107], [-78.485552, -0.185461], [-78.482256, -0.220878], [-78.457157, -0.210665], [-78.437611, -0.183398]]]}}"
2015-12-06,Holiday,Local,Quito,Fundacion de Quito,False,-0.183439,-78.469265,"{""type"": ""Feature"", ""properties"": {""name"": ""Quito""}, ""geometry"": {""type"": ""Polygon"", ""coordinates"": [[[-78.437611, -0.183398], [-78.458757, -0.169469], [-78.48239, -0.153107], [-78.485552, -0.185461], [-78.482256, -0.220878], [-78.457157, -0.210665], [-78.437611, -0.183398]]]}}"
2015-12-08,Holiday,Local,Loja,Fundacion de Loja,False,-3.995839,-79.205665,"{""type"": ""Feature"", ""properties"": {""name"": ""Loja""}, ""geometry"": {""type"": ""Polygon"", ""coordinates"": [[[-79.185869, -3.989018], [-79.19537, -3.981091], [-79.205712, -3.96874], [-79.22986, -3.978441], [-79.226041, -4.002451], [-79.209581, -4.01707], [-79.178079, -4.028411], [-79.185869, -3.989018]]]}}"
2015-12-21,Additional,National,Ecuador,Navidad-4,False,-1.831996,-78.188225,"{""type"": ""Feature"", ""properties"": {""name"": ""Ecuador""}, ""geometry"": {""type"": ""Polygon"", ""coordinates"": [[[-78.171897, -1.837417], [-78.145315, -1.807798], [-78.177746, -1.787912], [-78.206447, -1.803554], [-78.208298, -1.833819], [-78.211452, -1.8398], [-78.190038, -1.860426], [-78.176939, -1.867768], [-78.171897, -1.837417]]]}}"
2015-12-22,Additional,National,Ecuador,Navidad-3,False,-1.833316,-78.180662,"{""type"": ""Feature"", ""properties"": {""name"": ""Ecuador""}, ""geometry"": {""type"": ""Polygon"", ""coordinates"": [[[-78.171897, -1.837417], [-78.145315, -1.807798], [-78.177746, -1.787912], [-78.206447, -1.803554], [-78.208298, -1.833819], [-78.211452, -1.8398], [-78.190038, -1.860426], [-78.176939, -1.867768], [-78.171897, -1.837417]]]}}"
2015-12-22,Holiday,Local,Salinas,Cantonizacion de Salinas,False,-2.202116,-80.963962,"{""type"": ""Feature"", ""properties"": {""name"": ""Salinas""}, ""geometry"": {""type"": ""Polygon"", ""coordinates"": [[[-80.935268, -2.209911], [-80.949516, -2.154312], [-80.983717, -2.175431], [-80.980769, -2.199129], [-80.972881, -2.228736], [-80.959656, -2.224763], [-80.935268, -2.209911]]]}}"
2015-12-23,Additional,National,Ecuador,Navidad-2,False,-1.833684,-78.179684,"{""type"": ""Feature"", ""properties"": {""name"": ""Ecuador""}, ""geometry"": {""type"": ""Polygon"", ""coordinates"": [[[-78.171897, -1.837417], [-78.145315, -1.807798], [-78.177746, -1.787912], [-78.206447, -1.803554], [-78.208298, -1.833819], [-78.211452, -1.8398], [-78.190038, -1.860426], [-78.176939, -1.867768], [-78.171897, -1.837417]]]}}"
2015-12-24,Additional,National,Ecuador,Navidad-1,False,-1.833316,-78.180662,"{""type"": ""Feature"", ""properties"": {""name"": ""Ecuador""}, ""geometry"": {""type"": ""Polygon"", ""coordinates"": [[[-78.171897, -1.837417], [-78.145315, -1.807798], [-78.177746, -1.787912], [-78.206447, -1.803554], [-78.208298, -1.833819], [-78.211452, -1.8398], [-78.190038, -1.860426], [-78.176939, -1.867768], [-78.171897, -1.837417]]]}}"
2015-12-25,Holiday,National,Ecuador,Navidad,False,-1.833316,-78.180662,"{""type"": ""Feature"", ""properties"": {""name"": ""Ecuador""}, ""geometry"": {""type"": ""Polygon"", ""coordinates"": [[[-78.171897, -1.837417], [-78.145315, -1.807798], [-78.177746, -1.787912], [-78.206447, -1.803554], [-78.208298, -1.833819], [-78.211452, -1.8398], [-78.190038, -1.860426], [-78.176939, -1.867768], [-78.171897, -1.837417]]]}}"
2015-12-26,Additional,National,Ecuador,Navidad+1,False,-1.833316,-78.180662,"{""type"": ""Feature"", ""properties"": {""name"": ""Ecuador""}, ""geometry"": {""type"": ""Polygon"", ""coordinates"": [[[-78.171897, -1.837417], [-78.145315, -1.807798], [-78.177746, -1.787912], [-78.206447, -1.803554], [-78.208298, -1.833819], [-78.211452, -1.8398], [-78.190038, -1.860426], [-78.176939, -1.867768], [-78.171897, -1.837417]]]}}"
2015-12-31,Additional,National,Ecuador,Primer dia del ano-1,False,-1.833316,-78.180662,"{""type"": ""Feature"", ""properties"": {""name"": ""Ecuador""}, ""geometry"": {""type"": ""Polygon"", ""coordinates"": [[[-78.171897, -1.837417], [-78.145315, -1.807798], [-78.177746, -1.787912], [-78.206447, -1.803554], [-78.208298, -1.833819], [-78.211452, -1.8398], [-78.190038, -1.860426], [-78.176939, -1.867768], [-78.171897, -1.837417]]]}}"
2016-01-01,Holiday,National,Ecuador,Primer dia del ano,False,-1.833316,-78.180662,"{""type"": ""Feature"", ""properties"": {""name"": ""Ecuador""}, ""geometry"": {""type"": ""Polygon"", ""coordinates"": [[[-78.171897, -1.837417], [-78.145315, -1.807798], [-78.177746, -1.787912], [-78.206447, -1.803554], [-78.208298, -1.833819], [-78.211452, -1.8398], [-78.190038, -1.860426], [-78.176939, -1.867768], [-78.171897, -1.837417]]]}}"
2016-02-08,Holiday,National,Ecuador,Carnaval,False,-1.833316,-78.180662,"{""type"": ""Feature"", ""properties"": {""name"": ""Ecuador""}, ""geometry"": {""type"": ""Polygon"", ""coordinates"": [[[-78.171897, -1.837417], [-78.145315, -1.807798], [-78.177746, -1.787912], [-78.206447, -1.803554], [-78.208298, -1.833819], [-78.211452, -1.8398], [-78.190038, -1.860426], [-78.176939, -1.867768], [-78.171897, -1.837417]]]}}"
2016-02-09,Holiday,National,Ecuador,Carnaval,False,-1.833316,-78.180662,"{""type"": ""Feature"", ""properties"": {""name"": ""Ecuador""}, ""geometry"": {""type"": ""Polygon"", ""coordinates"": [[[-78.171897, -1.837417], [-78.145315, -1.807798], [-78.177746, -1.787912], [-78.206447, -1.803554], [-78.208298, -1.833819], [-78.211452, -1.8398], [-78.190038, -1.860426], [-78.176939, -1.867768], [-78.171897, -1.837417]]]}}"
2016-03-02,Holiday,Local,Manta,Fundacion de Manta,False,-0.952116,-80.730562,"{""type"": ""Feature"", ""properties"": {""name"": ""Manta""}, ""geometry"": {""type"": ""Polygon"", ""coordinates"": [[[-80.709528, -0.951689], [-80.702256, -0.937864], [-80.736989, -0.939793], [-80.774345, -0.932895], [-80.74908, -0.97058], [-80.746825, -0.98151], [-80.716421, -0.975387], [-80.709528, -0.951689]]]}}"
2016-03-25,Holiday,National,Ecuador,Viernes Santo,False,-1.829333,-78.186952,"{""type"": ""Feature"", ""properties"": {""name"": ""Ecuador""}, ""geometry"": {""type"": ""Polygon"", ""coordinates"": [[[-78.171897, -1.837417], [-78.145315, -1.807798], [-78.177746, -1.787912], [-78.206447, -1.803554], [-78.208298, -1.833819], [-78.211452, -1.8398], [-78.190038, -1.860426], [-78.176939, -1.867768], [-78.171897, -1.837417]]]}}"
2016-04-01,Holiday,Regional,Cotopaxi,Provincializacion de Cotopaxi,False,-0.685416,-78.580562,"{""type"": ""Feature"", ""properties"": {""name"": ""Cotopaxi""}, ""geometry"": {""type"": ""Polygon"", ""coordinates"": [[[-78.560151, -0.691119], [-78.576167, -0.656603], [-78.598046, -0.641604], [-78.605677, -0.686055], [-78.608761, -0.710618], [-78.570553, -0.707606], [-78.560151, -0.691119]]]}}"
2016-04-12,Holiday,Local,Cuenca,Fundacion de Cuenca,False,-2.899172,-79.004984,"{""type"": ""Feature"", ""properties"": {""name"": ""Cuenca""}, ""geometry"": {""type"": ""Polygon"", ""coordinates"": [[[-78.96073, -2.906069], [-78.9977, -2.878558], [-79.034846, -2.870613], [-79.013318, -2.91418], [-78.992186, -2.928341], [-78.96073, -2.906069]]]}}"
2016-04-14,Holiday,Local,Libertad,Cantonizacion de Libertad,False,-2.237104,-80.899753,"{""type"": ""Feature"", ""properties"": {""name"": ""Libertad""}, ""geometry"": {""type"": ""Polygon"", ""coordinates"": [[[-80.877378, -2.235152], [-80.889042, -2.219178], [-80.908202, -2.217817], [-80.934435, -2.208827], [-80.939225, -2.23558], [-80.936182, -2.246889], [-80.899818, -2.245097], [-80.88496, -2.244889], [-80.877378, -2.235152]]]}}"
2016-04-16,Event,National,Ecuador,Terremoto Manabi,False,-1.830871,-78.187216,"{""type"": ""Feature"", ""properties"": {""name"": ""Ecuador""}, ""geometry"": {""type"": ""Polygon"", ""coordinates"": [[[-78.171897, -1.837417], [-78.145315, -1.807798], [-78.177746, -1.787912], [-78.206447, -1.803554], [-78.208298, -1.833819], [-78.211452, -1.8398], [-78.190038, -1.860426], [-78.176939, -1.867768], [-78.171897, -1.837417]]]}}"
2016-04-17,Event,National,Ecuador,Terremoto Manabi+1,False,-1.833316,-78.180662,"{""type"": ""Feature"", ""properties"": {""name"": ""Ecuador""}, ""geometry"": {""type"": ""Polygon"", ""coordinates"": [[[-78.171897, -1.837417], [-78.145315, -1.807798], [-78.177746, -1.787912], [-78.206447, -1.803554], [-78.208298, -1.833819], [-78.211452, -1.8398], [-78.190038, -1.860426], [-78.176939, -1.867768], [-78.171897, -1.837417]]]}}"
2016-04-18,Event,National,Ecuador,Terremoto Manabi+2,False,-1.833316,-78.180662,"{""type"": ""Feature"", ""properties"": {""name"": ""Ecuador""}, ""geometry"": {""type"": ""Polygon"", ""coordinates"": [[[-78.171897, -1.837417], [-78.145315, -1.807798], [-78.177746, -1.787912], [-78.206447, -1.803554], [-78.208298, -1.833819], [-78.211452, -1.8398], [-78.190038, -1.860426], [-78.176939, -1.867768], [-78.171897, -1.837417]]]}}"
2016-04-19,Event,National,Ecuador,Terremoto Manabi+3,False,-1.833316,-78.180662,"{""type"": ""Feature"", ""properties"": {""name"": ""Ecuador""}, ""geometry"": {""type"": ""Polygon"", ""coordinates"": [[[-78.171897, -1.837417], [-78.145315, -1.807798], [-78.177746, -1.787912], [-78.206447, -1.803554], [-78.208298, -1.833819], [-78.211452, -1.8398], [-78.190038, -1.860426], [-78.176939, -1.867768], [-78.171897, -1.837417]]]}}"
2016-04-20,Event,National,Ecuador,Terremoto Manabi+4,False,-1.833316,-78.180662,"{""type"": ""Feature"", ""properties"": {""name"": ""Ecuador""}, ""geometry"": {""type"": ""Polygon"", ""coordinates"": [[[-78.171897, -1.837417], [-78.145315, -1.807798], [-78.177746, -1.787912], [-78.206447, -1.803554], [-78.208298, -1.833819], [-78.211452, -1.8398], [-78.190038, -1.860426], [-78.176939, -1.867768], [-78.171897, -1.837417]]]}}"
2016-04-21,Holiday,Local,Riobamba,Cantonizacion de Riobamba,False,-1.665616,-78.651962,"{""type"": ""Feature"", ""properties"": {""name"": ""Riobamba""}, ""geometry"": {""type"": ""Polygon"", ""coordinates"": [[[-78.642015, -1.662587], [-78.618887, -1.629499], [-78.665401, -1.639166], [-78.688402, -1.64361], [-78.679279, -1.672117], [-78.657482, -1.708561], [-78.627808, -1.681016], [-78.642015, -1.662587]]]}}"
2016-04-21,Event,National,Ecuador,Terremoto Manabi+5,False,-1.830229,-78.18548,"{""type"": ""Feature"", ""properties"": {""name"": ""Ecuador""}, ""geometry"": {""type"": ""Polygon"", ""coordinates"": [[[-78.171897, -1.837417], [-78.145315, -1.807798], [-78.177746, -1.787912], [-78.206447, -1.803554], [-78.208298, -1.833819], [-78.211452, -1.8398], [-78.190038, -1.860426], [-78.176939, -1.867768], [-78.171897, -1.837417]]]}}"
2016-04-22,Event,National,Ecuador,Terremoto Manabi+6,False,-1.833316,-78.180662,"{""type"": ""Feature"", ""properties"": {""name"": ""Ecuador""}, ""geometry"": {""type"": ""Polygon"", ""coordinates"": [[[-78.171897, -1.837417], [-78.145315, -1.807798], [-78.177746, -1.787912], [-78.206447, -1.803554], [-78.208298, -1.833819], [-78.211452, -1.8398], [-78.190038, -1.860426], [-78.176939, -1.867768], [-78.171897, -1.837417]]]}}"
2016-04-23,Event,National,Ecuador,Terremoto Manabi+7,False,-1.833316,-78.180662,"{""type"": ""Feature"", ""properties"": {""name"": ""Ecuador""}, ""geometry"": {""type"": ""Polygon"", ""coordinates"": [[[-78.171897, -1.837417], [-78.145315, -1.807798], [-78.177746, -1.787912], [-78.206447, -1.803554], [-78.208298, -1.833819], [-78.211452, -1.8398], [-78.190038, -1.860426], [-78.176939, -1.867768], [-78.171897, -1.837417]]]}}"
2016-04-24,Event,National,Ecuador,Terremoto Manabi+8,False,-1.833316,-78.180662,"{""type"": ""Feature"", ""properties"": {""name"": ""Ecuador""}, ""geometry"": {""type"": ""Polygon"", ""coordinates"": [[[-78.171897, -1.837417], [-78.145315, -1.807798], [-78.177746, -1.787912], [-78.206447, -1.803554], [-78.208298, -1.833819], [-78.211452, -1.8398], [-78.190038, -1.860426], [-78.176939, -1.867768], [-78.171897, -1.837417]]]}}"
2016-04-25,Event,National,Ecuador,Terremoto Manabi+9,False,-1.833316,-78.180662,"{""type"": ""Feature"", ""properties"": {""name"": ""Ecuador""}, ""geometry"": {""type"": ""Polygon"", ""coordinates"": [[[-78.171897, -1.837417], [-78.145315, -1.807798], [-78.177746, -1.787912], [-78.206447, -1.803554], [-78.208298, -1.833819], [-78.211452, -1.8398], [-78.190038, -1.860426], [-78.176939, -1.867768], [-78.171897, -1.837417]]]}}"
2016-04-26,Event,National,Ecuador,Terremoto Manabi+10,False,-1.833316,-78.180662,"{""type"": ""Feature"", ""properties"": {""name"": ""Ecuador""}, ""geometry"": {""type"": ""Polygon"", ""coordinates"": [[[-78.171897, -1.837417], [-78.145315, -1.807798], [-78.177746, -1.787912], [-78.206447, -1.803554], [-78.208298, -1.833819], [-78.211452, -1.8398], [-78.190038, -1.860426], [-78.176939, -1.867768], [-78.171897, -1.837417]]]}}"
2016-04-27,Event,National,Ecuador,Terremoto Manabi+11,False,-1.833316,-78.180662,"{""type"": ""Feature"", ""properties"": {""name"": ""Ecuador""}, ""geometry"": {""type"": ""Polygon"", ""coordinates"": [[[-78.171897, -1.837417], [-78.145315, -1.807798], [-78.177746, -1.787912], [-78.206447, -1.803554], [-78.208298, -1.833819], [-78.211452, -1.8398], [-78.190038, -1.860426], [-78.176939, -1.867768], [-78.171897, -1.837417]]]}}"
2016-04-28,Event,National,Ecuador,Terremoto Manabi+12,False,-1.833316,-78.180662,"{""type"": ""Feature"", ""properties"": {""name"": ""Ecuador""}, ""geometry"": {""type"": ""Polygon"", ""coordinates"": [[[-78.171897, -1.837417], [-78.145315, -1.807798], [-78.177746, -1.787912], [-78.206447, -1.803554], [-78.208298, -1.833819], [-78.211452, -1.8398], [-78.190038, -1.860426], [-78.176939, -1.867768], [-78.171897, -1.837417]]]}}"
2016-04-29,Event,National,Ecuador,Terremoto Manabi+13,False,-1.833316,-78.180662,"{""type"": ""Feature"", ""properties"": {""name"": ""Ecuador""}, ""geometry"": {""type"": ""Polygon"", ""coordinates"": [[[-78.171897, -1.837417], [-78.145315, -1.807798], [-78.177746, -1.787912], [-78.206447, -1.803554], [-78.208298, -1.833819], [-78.211452, -1.8398], [-78.190038, -1.860426], [-78.176939, -1.867768], [-78.171897, -1.837417]]]}}"
2016-04-30,Event,National,Ecuador,Terremoto Manabi+14,False,-1.833316,-78.180662,"{""type"": ""Feature"", ""properties"": {""name"": ""Ecuador""}, ""geometry"": {""type"": ""Polygon"", ""coordinates"": [[[-78.171897, -1.837417], [-78.145315, -1.807798], [-78.177746, -1.787912], [-78.206447, -1.803554], [-78.208298, -1.833819], [-78.211452, -1.8398], [-78.190038, -1.860426], [-78.176939, -1.867768], [-78.171897, -1.837417]]]}}"
2016-05-01,Holiday,National,Ecuador,Dia del Trabajo,False,-1.833316,-78.180662,"{""type"": ""Feature"", ""properties"": {""name"": ""Ecuador""}, ""geometry"": {""type"": ""Polygon"", ""coordinates"": [[[-78.171897, -1.837417], [-78.145315, -1.807798], [-78.177746, -1.787912], [-78.206447, -1.803554], [-78.208298, -1.833819], [-78.211452, -1.8398], [-78.190038, -1.860426], [-78.176939, -1.867768], [-78.171897, -1.837417]]]}}"
2016-05-01,Event,National,Ecuador,Terremoto Manabi+15,False,-1.833316,-78.180662,"{""type"": ""Feature"", ""properties"": {""name"": ""Ecuador""}, ""geometry"": {""type"": ""Polygon"", ""coordinates"": [[[-78.171897, -1.837417], [-78.145315, -1.807798], [-78.177746, -1.787912], [-78.206447, -1.803554], [-78.208298, -1.833819], [-78.211452, -1.8398], [-78.190038, -1.860426], [-78.176939, -1.867768], [-78.171897, -1.837417]]]}}"
2016-05-02,Event,National,Ecuador,Terremoto Manabi+16,False,-1.833316,-78.180662,"{""type"": ""Feature"", ""properties"": {""name"": ""Ecuador""}, ""geometry"": {""type"": ""Polygon"", ""coordinates"": [[[-78.171897, -1.837417], [-78.145315, -1.807798], [-78.177746, -1.787912], [-78.206447, -1.803554], [-78.208298, -1.833819], [-78.211452, -1.8398], [-78.190038, -1.860426], [-78.176939, -1.867768], [-78.171897, -1.837417]]]}}"
2016-05-03,Event,National,Ecuador,Terremoto Manabi+17,False,-1.833316,-78.180662,"{""type"": ""Feature"", ""properties"": {""name"": ""Ecuador""}, ""geometry"": {""type"": ""Polygon"", ""coordinates"": [[[-78.171897, -1.837417], [-78.145315, -1.807798], [-78.177746, -1.787912], [-78.206447, -1.803554], [-78.208298, -1.833819], [-78.211452, -1.8398], [-78.190038, -1.860426], [-78.176939, -1.867768], [-78.171897, -1.837417]]]}}"
2016-05-04,Event,National,Ecuador,Terremoto Manabi+18,False,-1.833316,-78.180662,"{""type"": ""Feature"", ""properties"": {""name"": ""Ecuador""}, ""geometry"": {""type"": ""Polygon"", ""coordinates"": [[[-78.171897, -1.837417], [-78.145315, -1.807798], [-78.177746, -1.787912], [-78.206447, -1.803554], [-78.208298, -1.833819], [-78.211452, -1.8398], [-78.190038, -1.860426], [-78.176939, -1.867768], [-78.171897, -1.837417]]]}}"
2016-05-05,Event,National,Ecuador,Terremoto Manabi+19,False,-1.833316,-78.180662,"{""type"": ""Feature"", ""properties"": {""name"": ""Ecuador""}, ""geometry"": {""type"": ""Polygon"", ""coordinates"": [[[-78.171897, -1.837417], [-78.145315, -1.807798], [-78.177746, -1.787912], [-78.206447, -1.803554], [-78.208298, -1.833819], [-78.211452, -1.8398], [-78.190038, -1.860426], [-78.176939, -1.867768], [-78.171897, -1.837417]]]}}"
2016-05-06,Event,National,Ecuador,Terremoto Manabi+20,False,-1.833316,-78.180662,"{""type"": ""Feature"", ""properties"": {""name"": ""Ecuador""}, ""geometry"": {""type"": ""Polygon"", ""coordinates"": [[[-78.171897, -1.837417], [-78.145315, -1.807798], [-78.177746, -1.787912], [-78.206447, -1.803554], [-78.208298, -1.833819], [-78.211452, -1.8398], [-78.190038, -1.860426], [-78.176939, -1.867768], [-78.171897, -1.837417]]]}}"
2016-05-07,Additional,National,Ecuador,Dia de la Madre-1,False,-1.833316,-78.180662,"{""type"": ""Feature"", ""properties"": {""name"": ""Ecuador""}, ""geometry"": {""type"": ""Polygon"", ""coordinates"": [[[-78.171897, -1.837417], [-78.145315, -1.807798], [-78.177746, -1.787912], [-78.206447, -1.803554], [-78.208298, -1.833819], [-78.211452, -1.8398], [-78.190038, -1.860426], [-78.176939, -1.867768], [-78.171897, -1.837417]]]}}"
2016-05-07,Event,National,Ecuador,Terremoto Manabi+21,False,-1.833316,-78.180662,"{""type"": ""Feature"", ""properties"": {""name"": ""Ecuador""}, ""geometry"": {""type"": ""Polygon"", ""coordinates"": [[[-78.171897, -1.837417], [-78.145315, -1.807798], [-78.177746, -1.787912], [-78.206447, -1.803554], [-78.208298, -1.833819], [-78.211452, -1.8398], [-78.190038, -1.860426], [-78.176939, -1.867768], [-78.171897, -1.837417]]]}}"
2016-05-08,Event,National,Ecuador,Terremoto Manabi+22,False,-1.833316,-78.180662,"{""type"": ""Feature"", ""properties"": {""name"": ""Ecuador""}, ""geometry"": {""type"": ""Polygon"", ""coordinates"": [[[-78.171897, -1.837417], [-78.145315, -1.807798], [-78.177746, -1.787912], [-78.206447, -1.803554], [-78.208298, -1.833819], [-78.211452, -1.8398], [-78.190038, -1.860426], [-78.176939, -1.867768], [-78.171897, -1.837417]]]}}"
2016-05-08,Event,National,Ecuador,Dia de la Madre,False,-1.833316,-78.180662,"{""type"": ""Feature"", ""properties"": {""name"": ""Ecuador""}, ""geometry"": {""type"": ""Polygon"", ""coordinates"": [[[-78.171897, -1.837417], [-78.145315, -1.807798], [-78.177746, -1.787912], [-78.206447, -1.803554], [-78.208298, -1.833819], [-78.211452, -1.8398], [-78.190038, -1.860426], [-78.176939, -1.867768], [-78.171897, -1.837417]]]}}"
2016-05-09,Event,National,Ecuador,Terremoto Manabi+23,False,-1.833316,-78.180662,"{""type"": ""Feature"", ""properties"": {""name"": ""Ecuador""}, ""geometry"": {""type"": ""Polygon"", ""coordinates"": [[[-78.171897, -1.837417], [-78.145315, -1.807798], [-78.177746, -1.787912], [-78.206447, -1.803554], [-78.208298, -1.833819], [-78.211452, -1.8398], [-78.190038, -1.860426], [-78.176939, -1.867768], [-78.171897, -1.837417]]]}}"
2016-05-10,Event,National,Ecuador,Terremoto Manabi+24,False,-1.833316,-78.180662,"{""type"": ""Feature"", ""properties"": {""name"": ""Ecuador""}, ""geometry"": {""type"": ""Polygon"", ""coordinates"": [[[-78.171897, -1.837417], [-78.145315, -1.807798], [-78.177746, -1.787912], [-78.206447, -1.803554], [-78.208298, -1.833819], [-78.211452, -1.8398], [-78.190038, -1.860426], [-78.176939, -1.867768], [-78.171897, -1.837417]]]}}"
2016-05-11,Event,National,Ecuador,Terremoto Manabi+25,False,-1.833316,-78.180662,"{""type"": ""Feature"", ""properties"": {""name"": ""Ecuador""}, ""geometry"": {""type"": ""Polygon"", ""coordinates"": [[[-78.171897, -1.837417], [-78.145315, -1.807798], [-78.177746, -1.787912], [-78.206447, -1.803554], [-78.208298, -1.833819], [-78.211452, -1.8398], [-78.190038, -1.860426], [-78.176939, -1.867768], [-78.171897, -1.837417]]]}}"
2016-05-12,Holiday,Local,Puyo,Cantonizacion del Puyo,False,-1.485416,-77.997262,"{""type"": ""Feature"", ""properties"": {""name"": ""Puyo""}, ""geometry"": {""type"": ""Polygon"", ""coordinates"": [[[-77.959194, -1.481369], [-77.978144, -1.458], [-78.006431, -1.464928], [-78.027662, -1.463984], [-78.041321, -1.488453], [-78.006287, -1.500296], [-77.978583, -1.503475], [-77.959194, -1.481369]]]}}"
2016-05-12,Event,National,Ecuador,Terremoto Manabi+26,False,-1.834795,-78.184262,"{""type"": ""Feature"", ""properties"": {""name"": ""Ecuador""}, ""geometry"": {""type"": ""Polygon"", ""coordinates"": [[[-78.171897, -1.837417], [-78.145315, -1.807798], [-78.177746, -1.787912], [-78.206447, -1.803554], [-78.208298, -1.833819], [-78.211452, -1.8398], [-78.190038, -1.860426], [-78.176939, -1.867768], [-78.171897, -1.837417]]]}}"
2016-05-13,Event,National,Ecuador,Terremoto Manabi+27,False,-1.833316,-78.180662,"{""type"": ""Feature"", ""properties"": {""name"": ""Ecuador""}, ""geometry"": {""type"": ""Polygon"", ""coordinates"": [[[-78.171897, -1.837417], [-78.145315, -1.807798], [-78.177746, -1.787912], [-78.206447, -1.803554], [-78.208298, -1.833819], [-78.211452, -1.8398], [-78.190038, -1.860426], [-78.176939, -1.867768], [-78.171897, -1.837417]]]}}"
2016-05-14,Event,National,Ecuador,Terremoto Manabi+28,False,-1.833316,-78.180662,"{""type"": ""Feature"", ""properties"": {""name"": ""Ecuador""}, ""geometry"": {""type"": ""Polygon"", ""coordinates"": [[[-78.171897, -1.837417], [-78.145315, -1.807798], [-78.177746, -1.787912], [-78.206447, -1.803554], [-78.208298, -1.833819], [-78.211452, -1.8398], [-78.190038, -1.860426], [-78.176939, -1.867768], [-78.171897, -1.837417]]]}}"
2016-05-15,Event,National,Ecuador,Terremoto Manabi+29,False,-1.833316,-78.180662,"{""type"": ""Feature"", ""properties"": {""name"": ""Ecuador""}, ""geometry"": {""type"": ""Polygon"", ""coordinates"": [[[-78.171897, -1.837417], [-78.145315, -1.807798], [-78.177746, -1.787912], [-78.206447, -1.803554], [-78.208298, -1.833819], [-78.211452, -1.8398], [-78.190038, -1.860426], [-78.176939, -1.867768], [-78.171897, -1.837417]]]}}"
2016-05-16,Event,National,Ecuador,Terremoto Manabi+30,False,-1.833316,-78.180662,"{""type"": ""Feature"", ""properties"": {""name"": ""Ecuador""}, ""geometry"": {""type"": ""Polygon"", ""coordinates"": [[[-78.171897, -1.837417], [-78.145315, -1.807798], [-78.177746, -1.787912], [-78.206447, -1.803554], [-78.208298, -1.833819], [-78.211452, -1.8398], [-78.190038, -1.860426], [-78.176939, -1.867768], [-78.171897, -1.837417]]]}}"
2016-05-24,Holiday,National,Ecuador,Batalla de Pichincha,True,-1.833316,-78.180662,"{""type"": ""Feature"", ""properties"": {""name"": ""Ecuador""}, ""geometry"": {""type"": ""Polygon"", ""coordinates"": [[[-78.171897, -1.837417], [-78.145315, -1.807798], [-78.177746, -1.787912], [-78.206447, -1.803554], [-78.208298, -1.833819], [-78.211452, -1.8398], [-78.190038, -1.860426], [-78.176939, -1.867768], [-78.171897, -1.837417]]]}}"
2016-05-27,Transfer,National,Ecuador,Traslado Batalla de Pichincha,False,-1.833316,-78.180662,"{""type"": ""Feature"", ""properties"": {""name"": ""Ecuador""}, ""geometry"": {""type"": ""Polygon"", ""coordinates"": [[[-78.171897, -1.837417], [-78.145315, -1.807798], [-78.177746, -1.787912], [-78.206447, -1.803554], [-78.208298, -1.833819], [-78.211452, -1.8398], [-78.190038, -1.860426], [-78.176939, -1.867768], [-78.171897, -1.837417]]]}}"
2016-06-23,Holiday,Local,Guaranda,Cantonizacion de Guaranda,False,-1.598216,-78.998962,"{""type"": ""Feature"", ""properties"": {""name"": ""Guaranda""}, ""geometry"": {""type"": ""Polygon"", ""coordinates"": [[[-78.985966, -1.59271], [-78.992031, -1.580945], [-78.999825, -1.567799], [-79.027395, -1.578999], [-79.042554, -1.599986], [-79.029715, -1.609282], [-78.995005, -1.608992], [-78.959973, -1.615462], [-78.985966, -1.59271]]]}}"
2016-06-25,Holiday,Local,Machala,Fundacion de Machala,False,-3.260775,-79.952036,"{""type"": ""Feature"", ""properties"": {""name"": ""Machala""}, ""geometry"": {""type"": ""Polygon"", ""coordinates"": [[[-79.933635, -3.263994], [-79.94741, -3.243591], [-79.960304, -3.239386], [-79.97357, -3.228218], [-79.966874, -3.267653], [-79.957939, -3.299796], [-79.933472, -3.27494], [-79.933635, -3.263994]]]}}"
2016-06-25,Holiday,Regional,Imbabura,Provincializacion de Imbabura,False,0.349792,-78.13802,"{""type"": ""Feature"", ""properties"": {""name"": ""Imbabura""}, ""geometry"": {""type"": ""Polygon"", ""coordinates"": [[[-78.08867, 0.349781], [-78.119968, 0.360742], [-78.148337, 0.372813], [-78.153207, 0.350818], [-78.140769, 0.33981], [-78.108491, 0.323505], [-78.08867, 0.349781]]]}}"
2016-06-25,Holiday,Local,Latacunga,Cantonizacion de Latacunga,False,-0.930354,-78.616268,"{""type"": ""Feature"", ""properties"": {""name"": ""Latacunga""}, ""geometry"": {""type"": ""Polygon"", ""coordinates"": [[[-78.571305, -0.9416], [-78.580608, -0.925155], [-78.625617, -0.915102], [-78.642257, -0.920602], [-78.628192, -0.944616], [-78.618622, -0.979827], [-78.604282, -0.944073], [-78.571305, -0.9416]]]}}"
2016-07-03,Holiday,Local,El Carmen,Cantonizacion de El Carmen,False,0.271634,-79.450767,"{""type"": ""Feature"", ""properties"": {""name"": ""El Carmen""}, ""geometry"": {""type"": ""Polygon"", ""coordinates"": [[[-79.419193, 0.273802], [-79.419865, 0.294453], [-79.458224, 0.302248], [-79.468835, 0.288775], [-79.459899, 0.260487], [-79.454059, 0.238144], [-79.432593, 0.225801], [-79.419193, 0.273802]]]}}"
2016-07-03,Holiday,Local,Santo Domingo,Fundacion de Santo Domingo,False,-0.257949,-79.169178,"{""type"": ""Feature"", ""properties"": {""name"": ""Santo Domingo""}, ""geometry"": {""type"": ""Polygon"", ""coordinates"": [[[-79.126297, -0.255341], [-79.165056, -0.223795], [-79.170533, -0.234162], [-79.201094, -0.22854], [-79.193433, -0.277176], [-79.175884, -0.29765], [-79.159196, -0.263979], [-79.126297, -0.255341]]]}}"
2016-07-23,Holiday,Local,Cayambe,Cantonizacion de Cayambe,False,0.037039,-78.141419,"{""type"": ""Feature"", ""properties"": {""name"": ""Cayambe""}, ""geometry"": {""type"": ""Polygon"", ""coordinates"": [[[-78.110803, 0.030731], [-78.131416, 0.047067], [-78.143311, 0.064017], [-78.180873, 0.060698], [-78.155237, 0.042783], [-78.182213, 0.032475], [-78.145975, -0.003797], [-78.11762, 0.030616], [-78.110803, 0.030731]]]}}"
2016-07-24,Additional,Local,Guayaquil,Fundacion de Guayaquil-1,False,-2.191589,-79.88572,"{""type"": ""Feature"", ""properties"": {""name"": ""Guayaquil""}, ""geometry"": {""type"": ""Polygon"", ""coordinates"": [[[-79.870948, -2.190706], [-79.880309, -2.155067], [-79.91245, -2.160113], [-79.900724, -2.183334], [-79.907446, -2.208964], [-79.871511, -2.226116], [-79.870948, -2.190706]]]}}"
2016-07-24,Transfer,Local,Guayaquil,Traslado Fundacion de Guayaquil,False,-2.192133,-79.888762,"{""type"": ""Feature"", ""properties"": {""name"": ""Guayaquil""}, ""geometry"": {""type"": ""Polygon"", ""coordinates"": [[[-79.870948, -2.190706], [-79.880309, -2.155067], [-79.91245, -2.160113], [-79.900724, -2.183334], [-79.907446, -2.208964], [-79.871511, -2.226116], [-79.870948, -2.190706]]]}}"
2016-07-25,Holiday,Local,Guayaquil,Fundacion de Guayaquil,True,-2.192133,-79.888762,"{""type"": ""Feature"", ""properties"": {""name"": ""Guayaquil""}, ""geometry"": {""type"": ""Polygon"", ""coordinates"": [[[-79.870948, -2.190706], [-79.880309, -2.155067], [-79.91245, -2.160113], [-79.900724, -2.183334], [-79.907446, -2.208964], [-79.871511, -2.226116], [-79.870948, -2.190706]]]}}"
2016-08-05,Holiday,Local,Esmeraldas,Fundacion de Esmeraldas,False,0.956467,-79.653562,"{""type"": ""Feature"", ""properties"": {""name"": ""Esmeraldas""}, ""geometry"": {""type"": ""Polygon"", ""coordinates"": [[[-79.611747, 0.964682], [-79.631378, 0.98885], [-79.662713, 0.997423], [-79.672779, 0.953723], [-79.68388, 0.932662], [-79.645189, 0.922797], [-79.611747, 0.964682]]]}}"
2016-08-10,Holiday,National,Ecuador,Primer Grito de Independencia,True,-1.833716,-78.184152,"{""type"": ""Feature"", ""properties"": {""name"": ""Ecuador""}, ""geometry"": {""type"": ""Polygon"", ""coordinates"": [[[-78.171897, -1.837417], [-78.145315, -1.807798], [-78.177746, -1.787912], [-78.206447, -1.803554], [-78.208298, -1.833819], [-78.211452, -1.8398], [-78.190038, -1.860426], [-78.176939, -1.867768], [-78.171897, -1.837417]]]}}"
2016-08-12,Transfer,National,Ecuador,Traslado Primer Grito de Independencia,False,-1.833316,-78.180662,"{""type"": ""Feature"", ""properties"": {""name"": ""Ecuador""}, ""geometry"": {""type"": ""Polygon"", ""coordinates"": [[[-78.171897, -1.837417], [-78.145315, -1.807798], [-78.177746, -1.787912], [-78.206447, -1.803554], [-78.208298, -1.833819], [-78.211452, -1.8398], [-78.190038, -1.860426], [-78.176939, -1.867768], [-78.171897, -1.837417]]]}}"
2016-08-15,Holiday,Local,Riobamba,Fundacion de Riobamba,False,-1.665616,-78.651962,"{""type"": ""Feature"", ""properties"": {""name"": ""Riobamba""}, ""geometry"": {""type"": ""Polygon"", ""coordinates"": [[[-78.642015, -1.662587], [-78.618887, -1.629499], [-78.665401, -1.639166], [-78.688402, -1.64361], [-78.679279, -1.672117], [-78.657482, -1.708561], [-78.627808, -1.681016], [-78.642015, -1.662587]]]}}"
2016-08-24,Holiday,Local,Ambato,Fundacion de Ambato,False,-1.240729,-78.62178,"{""type"": ""Feature"", ""properties"": {""name"": ""Ambato""}, ""geometry"": {""type"": ""Polygon"", ""coordinates"": [[[-78.594508, -1.252436], [-78.602473, -1.206439], [-78.622375, -1.199131], [-78.636876, -1.214541], [-78.647173, -1.248954], [-78.636122, -1.270586], [-78.60172, -1.277189], [-78.594508, -1.252436]]]}}"
2016-09-28,Holiday,Local,Ibarra,Fundacion de Ibarra,False,0.338593,-78.118935,"{""type"": ""Feature"", ""properties"": {""name"": ""Ibarra""}, ""geometry"": {""type"": ""Polygon"", ""coordinates"": [[[-78.091976, 0.340803], [-78.089813, 0.355071], [-78.122158, 0.35725], [-78.142828, 0.365224], [-78.161417, 0.340091], [-78.137135, 0.299568], [-78.121194, 0.293214], [-78.10654, 0.308382], [-78.091976, 0.340803]]]}}"
2016-10-07,Holiday,Local,Quevedo,Cantonizacion de Quevedo,False,-1.019005,-79.456839,"{""type"": ""Feature"", ""properties"": {""name"": ""Quevedo""}, ""geometry"": {""type"": ""Polygon"", ""coordinates"": [[[-79.431465, -1.020622], [-79.434061, -0.996655], [-79.457698, -1.007943], [-79.478669, -0.993233], [-79.476376, -1.023112], [-79.468573, -1.03937], [-79.454839, -1.051895], [-79.434534, -1.037277], [-79.431465, -1.020622]]]}}"
2016-10-09,Holiday,National,Ecuador,Independencia de Guayaquil,False,-1.831811,-78.182217,"{""type"": ""Feature"", ""properties"": {""name"": ""Ecuador""}, ""geometry"": {""type"": ""Polygon"", ""coordinates"": [[[-78.171897, -1.837417], [-78.145315, -1.807798], [-78.177746, -1.787912], [-78.206447, -1.803554], [-78.208298, -1.833819], [-78.211452, -1.8398], [-78.190038, -1.860426], [-78.176939, -1.867768], [-78.171897, -1.837417]]]}}"
2016-11-02,Holiday,National,Ecuador,Dia de Difuntos,False,-1.833316,-78.180662,"{""type"": ""Feature"", ""properties"": {""name"": ""Ecuador""}, ""geometry"": {""type"": ""Polygon"", ""coordinates"": [[[-78.171897, -1.837417], [-78.145315, -1.807798], [-78.177746, -1.787912], [-78.206447, -1.803554], [-78.208298, -1.833819], [-78.211452, -1.8398], [-78.190038, -1.860426], [-78.176939, -1.867768], [-78.171897, -1.837417]]]}}"
2016-11-03,Holiday,National,Ecuador,Independencia de Cuenca,False,-1.833316,-78.180662,"{""type"": ""Feature"", ""properties"": {""name"": ""Ecuador""}, ""geometry"": {""type"": ""Polygon"", ""coordinates"": [[[-78.171897, -1.837417], [-78.145315, -1.807798], [-78.177746, -1.787912], [-78.206447, -1.803554], [-78.208298, -1.833819], [-78.211452, -1.8398], [-78.190038, -1.860426], [-78.176939, -1.867768], [-78.171897, -1.837417]]]}}"
2016-11-04,Bridge,National,Ecuador,Puente Dia de Difuntos,False,-1.833316,-78.180662,"{""type"": ""Feature"", ""properties"": {""name"": ""Ecuador""}, ""geometry"": {""type"": ""Polygon"", ""coordinates"": [[[-78.171897, -1.837417], [-78.145315, -1.807798], [-78.177746, -1.787912], [-78.206447, -1.803554], [-78.208298, -1.833819], [-78.211452, -1.8398], [-78.190038, -1.860426], [-78.176939, -1.867768], [-78.171897, -1.837417]]]}}"
2016-11-06,Holiday,Regional,Santo Domingo de los Tsachilas,Provincializacion de Santo Domingo,False,-0.255316,-79.169162,"{""type"": ""Feature"", ""properties"": {""name"": ""Santo Domingo de los Tsachilas""}, ""geometry"": {""type"": ""Polygon"", ""coordinates"": [[[-79.13916, -0.262725], [-79.164314, -0.221606], [-79.213581, -0.234189], [-79.184342, -0.262902], [-79.157067, -0.270051], [-79.13916, -0.262725]]]}}"
2016-11-07,Holiday,Regional,Santa Elena,Provincializacion Santa Elena,False,-2.227045,-80.85882,"{""type"": ""Feature"", ""properties"": {""name"": ""Santa Elena""}, ""geometry"": {""type"": ""Polygon"", ""coordinates"": [[[-80.826779, -2.228254], [-80.831171, -2.213466], [-80.866151, -2.187341], [-80.870327, -2.201713], [-80.903612, -2.217254], [-80.886343, -2.252129], [-80.864311, -2.263884], [-80.849672, -2.248975], [-80.826779, -2.228254]]]}}"
2016-11-10,Holiday,Local,Guaranda,Independencia de Guaranda,False,-1.601086,-78.999626,"{""type"": ""Feature"", ""properties"": {""name"": ""Guaranda""}, ""geometry"": {""type"": ""Polygon"", ""coordinates"": [[[-78.985966, -1.59271], [-78.992031, -1.580945], [-78.999825, -1.567799], [-79.027395, -1.578999], [-79.042554, -1.599986], [-79.029715, -1.609282], [-78.995005, -1.608992], [-78.959973, -1.615462], [-78.985966, -1.59271]]]}}"
2016-11-11,Holiday,Local,Latacunga,Independencia de Latacunga,False,-0.935975,-78.613336,"{""type"": ""Feature"", ""properties"": {""name"": ""Latacunga""}, ""geometry"": {""type"": ""Polygon"", ""coordinates"": [[[-78.571305, -0.9416], [-78.580608, -0.925155], [-78.625617, -0.915102], [-78.642257, -0.920602], [-78.628192, -0.944616], [-78.618622, -0.979827], [-78.604282, -0.944073], [-78.571305, -0.9416]]]}}"
2016-11-12,Holiday,Local,Ambato,Independencia de Ambato,False,-1.236766,-78.620467,"{""type"": ""Feature"", ""properties"": {""name"": ""Ambato""}, ""geometry"": {""type"": ""Polygon"", ""coordinates"": [[[-78.594508, -1.252436], [-78.602473, -1.206439], [-78.622375, -1.199131], [-78.636876, -1.214541], [-78.647173, -1.248954], [-78.636122, -1.270586], [-78.60172, -1.277189], [-78.594508, -1.252436]]]}}"
2016-11-12,Work Day,National,Ecuador,Recupero Puente Dia de Difuntos,False,-1.831807,-78.180135,"{""type"": ""Feature"", ""properties"": {""name"": ""Ecuador""}, ""geometry"": {""type"": ""Polygon"", ""coordinates"": [[[-78.171897, -1.837417], [-78.145315, -1.807798], [-78.177746, -1.787912], [-78.206447, -1.803554], [-78.208298, -1.833819], [-78.211452, -1.8398], [-78.190038, -1.860426], [-78.176939, -1.867768], [-78.171897, -1.837417]]]}}"
2016-11-25,Event,National,Ecuador,Black Friday,False,-1.833316,-78.180662,"{""type"": ""Feature"", ""properties"": {""name"": ""Ecuador""}, ""geometry"": {""type"": ""Polygon"", ""coordinates"": [[[-78.171897, -1.837417], [-78.145315, -1.807798], [-78.177746, -1.787912], [-78.206447, -1.803554], [-78.208298, -1.833819], [-78.211452, -1.8398], [-78.190038, -1.860426], [-78.176939, -1.867768], [-78.171897, -1.837417]]]}}"
2016-11-28,Event,National,Ecuador,Cyber Monday,False,-1.833316,-78.180662,"{""type"": ""Feature"", ""properties"": {""name"": ""Ecuador""}, ""geometry"": {""type"": ""Polygon"", ""coordinates"": [[[-78.171897, -1.837417], [-78.145315, -1.807798], [-78.177746, -1.787912], [-78.206447, -1.803554], [-78.208298, -1.833819], [-78.211452, -1.8398], [-78.190038, -1.860426], [-78.176939, -1.867768], [-78.171897, -1.837417]]]}}"
2016-12-05,Additional,Local,Quito,Fundacion de Quito-1,False,-0.182816,-78.465062,"{""type"": ""Feature"", ""properties"": {""name"": ""Quito""}, ""geometry"": {""type"": ""Polygon"", ""coordinates"": [[[-78.437611, -0.183398], [-78.458757, -0.169469], [-78.48239, -0.153107], [-78.485552, -0.185461], [-78.482256, -0.220878], [-78.457157, -0.210665], [-78.437611, -0.183398]]]}}"
2016-12-06,Holiday,Local,Quito,Fundacion de Quito,False,-0.183439,-78.469265,"{""type"": ""Feature"", ""properties"": {""name"": ""Quito""}, ""geometry"": {""type"": ""Polygon"", ""coordinates"": [[[-78.437611, -0.183398], [-78.458757, -0.169469], [-78.48239, -0.153107], [-78.485552, -0.185461], [-78.482256, -0.220878], [-78.457157, -0.210665], [-78.437611, -0.183398]]]}}"
2016-12-08,Holiday,Local,Loja,Fundacion de Loja,False,-3.995839,-79.205665,"{""type"": ""Feature"", ""properties"": {""name"": ""Loja""}, ""geometry"": {""type"": ""Polygon"", ""coordinates"": [[[-79.185869, -3.989018], [-79.19537, -3.981091], [-79.205712, -3.96874], [-79.22986, -3.978441], [-79.226041, -4.002451], [-79.209581, -4.01707], [-79.178079, -4.028411], [-79.185869, -3.989018]]]}}"
2016-12-21,Additional,National,Ecuador,Navidad-4,False,-1.831996,-78.188225,"{""type"": ""Feature"", ""properties"": {""name"": ""Ecuador""}, ""geometry"": {""type"": ""Polygon"", ""coordinates"": [[[-78.171897, -1.837417], [-78.145315, -1.807798], [-78.177746, -1.787912], [-78.206447, -1.803554], [-78.208298, -1.833819], [-78.211452, -1.8398], [-78.190038, -1.860426], [-78.176939, -1.867768], [-78.171897, -1.837417]]]}}"
2016-12-22,Additional,National,Ecuador,Navidad-3,False,-1.833316,-78.180662,"{""type"": ""Feature"", ""properties"": {""name"": ""Ecuador""}, ""geometry"": {""type"": ""Polygon"", ""coordinates"": [[[-78.171897, -1.837417], [-78.145315, -1.807798], [-78.177746, -1.787912], [-78.206447, -1.803554], [-78.208298, -1.833819], [-78.211452, -1.8398], [-78.190038, -1.860426], [-78.176939, -1.867768], [-78.171897, -1.837417]]]}}"
2016-12-22,Holiday,Local,Salinas,Cantonizacion de Salinas,False,-2.202116,-80.963962,"{""type"": ""Feature"", ""properties"": {""name"": ""Salinas""}, ""geometry"": {""type"": ""Polygon"", ""coordinates"": [[[-80.935268, -2.209911], [-80.949516, -2.154312], [-80.983717, -2.175431], [-80.980769, -2.199129], [-80.972881, -2.228736], [-80.959656, -2.224763], [-80.935268, -2.209911]]]}}"
2016-12-23,Additional,National,Ecuador,Navidad-2,False,-1.833684,-78.179684,"{""type"": ""Feature"", ""properties"": {""name"": ""Ecuador""}, ""geometry"": {""type"": ""Polygon"", ""coordinates"": [[[-78.171897, -1.837417], [-78.145315, -1.807798], [-78.177746, -1.787912], [-78.206447, -1.803554], [-78.208298, -1.833819], [-78.211452, -1.8398], [-78.190038, -1.860426], [-78.176939, -1.867768], [-78.171897, -1.837417]]]}}"
2016-12-24,Additional,National,Ecuador,Navidad-1,False,-1.833316,-78.180662,"{""type"": ""Feature"", ""properties"": {""name"": ""Ecuador""}, ""geometry"": {""type"": ""Polygon"", ""coordinates"": [[[-78.171897, -1.837417], [-78.145315, -1.807798], [-78.177746, -1.787912], [-78.206447, -1.803554], [-78.208298, -1.833819], [-78.211452, -1.8398], [-78.190038, -1.860426], [-78.176939, -1.867768], [-78.171897, -1.837417]]]}}"
2016-12-25,Holiday,National,Ecuador,Navidad,False,-1.833316,-78.180662,"{""type"": ""Feature"", ""properties"": {""name"": ""Ecuador""}, ""geometry"": {""type"": ""Polygon"", ""coordinates"": [[[-78.171897, -1.837417], [-78.145315, -1.807798], [-78.177746, -1.787912], [-78.206447, -1.803554], [-78.208298, -1.833819], [-78.211452, -1.8398], [-78.190038, -1.860426], [-78.176939, -1.867768], [-78.171897, -1.837417]]]}}"
2016-12-26,Additional,National,Ecuador,Navidad+1,False,-1.833316,-78.180662,"{""type"": ""Feature"", ""properties"": {""name"": ""Ecuador""}, ""geometry"": {""type"": ""Polygon"", ""coordinates"": [[[-78.171897, -1.837417], [-78.145315, -1.807798], [-78.177746, -1.787912], [-78.206447, -1.803554], [-78.208298, -1.833819], [-78.211452, -1.8398], [-78.190038, -1.860426], [-78.176939, -1.867768], [-78.171897, -1.837417]]]}}"
2016-12-31,Additional,National,Ecuador,Primer dia del ano-1,False,-1.833316,-78.180662,"{""type"": ""Feature"", ""properties"": {""name"": ""Ecuador""}, ""geometry"": {""type"": ""Polygon"", ""coordinates"": [[[-78.171897, -1.837417], [-78.145315, -1.807798], [-78.177746, -1.787912], [-78.206447, -1.803554], [-78.208298, -1.833819], [-78.211452, -1.8398], [-78.190038, -1.860426], [-78.176939, -1.867768], [-78.171897, -1.837417]]]}}"
2017-01-01,Holiday,National,Ecuador,Primer dia del ano,True,-1.833316,-78.180662,"{""type"": ""Feature"", ""properties"": {""name"": ""Ecuador""}, ""geometry"": {""type"": ""Polygon"", ""coordinates"": [[[-78.171897, -1.837417], [-78.145315, -1.807798], [-78.177746, -1.787912], [-78.206447, -1.803554], [-78.208298, -1.833819], [-78.211452, -1.8398], [-78.190038, -1.860426], [-78.176939, -1.867768], [-78.171897, -1.837417]]]}}"
2017-01-02,Transfer,National,Ecuador,Traslado Primer dia del ano,False,-1.833316,-78.180662,"{""type"": ""Feature"", ""properties"": {""name"": ""Ecuador""}, ""geometry"": {""type"": ""Polygon"", ""coordinates"": [[[-78.171897, -1.837417], [-78.145315, -1.807798], [-78.177746, -1.787912], [-78.206447, -1.803554], [-78.208298, -1.833819], [-78.211452, -1.8398], [-78.190038, -1.860426], [-78.176939, -1.867768], [-78.171897, -1.837417]]]}}"
2017-02-27,Holiday,National,Ecuador,Carnaval,False,-1.833316,-78.180662,"{""type"": ""Feature"", ""properties"": {""name"": ""Ecuador""}, ""geometry"": {""type"": ""Polygon"", ""coordinates"": [[[-78.171897, -1.837417], [-78.145315, -1.807798], [-78.177746, -1.787912], [-78.206447, -1.803554], [-78.208298, -1.833819], [-78.211452, -1.8398], [-78.190038, -1.860426], [-78.176939, -1.867768], [-78.171897, -1.837417]]]}}"
2017-02-28,Holiday,National,Ecuador,Carnaval,False,-1.833316,-78.180662,"{""type"": ""Feature"", ""properties"": {""name"": ""Ecuador""}, ""geometry"": {""type"": ""Polygon"", ""coordinates"": [[[-78.171897, -1.837417], [-78.145315, -1.807798], [-78.177746, -1.787912], [-78.206447, -1.803554], [-78.208298, -1.833819], [-78.211452, -1.8398], [-78.190038, -1.860426], [-78.176939, -1.867768], [-78.171897, -1.837417]]]}}"
2017-03-02,Holiday,Local,Manta,Fundacion de Manta,False,-0.952116,-80.730562,"{""type"": ""Feature"", ""properties"": {""name"": ""Manta""}, ""geometry"": {""type"": ""Polygon"", ""coordinates"": [[[-80.709528, -0.951689], [-80.702256, -0.937864], [-80.736989, -0.939793], [-80.774345, -0.932895], [-80.74908, -0.97058], [-80.746825, -0.98151], [-80.716421, -0.975387], [-80.709528, -0.951689]]]}}"
2017-04-01,Holiday,Regional,Cotopaxi,Provincializacion de Cotopaxi,False,-0.681433,-78.586852,"{""type"": ""Feature"", ""properties"": {""name"": ""Cotopaxi""}, ""geometry"": {""type"": ""Polygon"", ""coordinates"": [[[-78.560151, -0.691119], [-78.576167, -0.656603], [-78.598046, -0.641604], [-78.605677, -0.686055], [-78.608761, -0.710618], [-78.570553, -0.707606], [-78.560151, -0.691119]]]}}"
2017-04-12,Holiday,Local,Cuenca,Fundacion de Cuenca,True,-2.899172,-79.004984,"{""type"": ""Feature"", ""properties"": {""name"": ""Cuenca""}, ""geometry"": {""type"": ""Polygon"", ""coordinates"": [[[-78.96073, -2.906069], [-78.9977, -2.878558], [-79.034846, -2.870613], [-79.013318, -2.91418], [-78.992186, -2.928341], [-78.96073, -2.906069]]]}}"
2017-04-13,Transfer,Local,Cuenca,Fundacion de Cuenca,False,-2.901204,-79.004253,"{""type"": ""Feature"", ""properties"": {""name"": ""Cuenca""}, ""geometry"": {""type"": ""Polygon"", ""coordinates"": [[[-78.96073, -2.906069], [-78.9977, -2.878558], [-79.034846, -2.870613], [-79.013318, -2.91418], [-78.992186, -2.928341], [-78.96073, -2.906069]]]}}"
2017-04-14,Holiday,Local,Libertad,Cantonizacion de Libertad,False,-2.237104,-80.899753,"{""type"": ""Feature"", ""properties"": {""name"": ""Libertad""}, ""geometry"": {""type"": ""Polygon"", ""coordinates"": [[[-80.877378, -2.235152], [-80.889042, -2.219178], [-80.908202, -2.217817], [-80.934435, -2.208827], [-80.939225, -2.23558], [-80.936182, -2.246889], [-80.899818, -2.245097], [-80.88496, -2.244889], [-80.877378, -2.235152]]]}}"
2017-04-14,Holiday,National,Ecuador,Viernes Santo,False,-1.830871,-78.187216,"{""type"": ""Feature"", ""properties"": {""name"": ""Ecuador""}, ""geometry"": {""type"": ""Polygon"", ""coordinates"": [[[-78.171897, -1.837417], [-78.145315, -1.807798], [-78.177746, -1.787912], [-78.206447, -1.803554], [-78.208298, -1.833819], [-78.211452, -1.8398], [-78.190038, -1.860426], [-78.176939, -1.867768], [-78.171897, -1.837417]]]}}"
2017-04-21,Holiday,Local,Riobamba,Cantonizacion de Riobamba,False,-1.665616,-78.651962,"{""type"": ""Feature"", ""properties"": {""name"": ""Riobamba""}, ""geometry"": {""type"": ""Polygon"", ""coordinates"": [[[-78.642015, -1.662587], [-78.618887, -1.629499], [-78.665401, -1.639166], [-78.688402, -1.64361], [-78.679279, -1.672117], [-78.657482, -1.708561], [-78.627808, -1.681016], [-78.642015, -1.662587]]]}}"
2017-05-01,Holiday,National,Ecuador,Dia del Trabajo,False,-1.830229,-78.18548,"{""type"": ""Feature"", ""properties"": {""name"": ""Ecuador""}, ""geometry"": {""type"": ""Polygon"", ""coordinates"": [[[-78.171897, -1.837417], [-78.145315, -1.807798], [-78.177746, -1.787912], [-78.206447, -1.803554], [-78.208298, -1.833819], [-78.211452, -1.8398], [-78.190038, -1.860426], [-78.176939, -1.867768], [-78.171897, -1.837417]]]}}"
2017-05-12,Holiday,Local,Puyo,Cantonizacion del Puyo,False,-1.485416,-77.997262,"{""type"": ""Feature"", ""properties"": {""name"": ""Puyo""}, ""geometry"": {""type"": ""Polygon"", ""coordinates"": [[[-77.959194, -1.481369], [-77.978144, -1.458], [-78.006431, -1.464928], [-78.027662, -1.463984], [-78.041321, -1.488453], [-78.006287, -1.500296], [-77.978583, -1.503475], [-77.959194, -1.481369]]]}}"
2017-05-13,Additional,National,Ecuador,Dia de la Madre-1,False,-1.834795,-78.184262,"{""type"": ""Feature"", ""properties"": {""name"": ""Ecuador""}, ""geometry"": {""type"": ""Polygon"", ""coordinates"": [[[-78.171897, -1.837417], [-78.145315, -1.807798], [-78.177746, -1.787912], [-78.206447, -1.803554], [-78.208298, -1.833819], [-78.211452, -1.8398], [-78.190038, -1.860426], [-78.176939, -1.867768], [-78.171897, -1.837417]]]}}"
2017-05-14,Event,National,Ecuador,Dia de la Madre,False,-1.833316,-78.180662,"{""type"": ""Feature"", ""properties"": {""name"": ""Ecuador""}, ""geometry"": {""type"": ""Polygon"", ""coordinates"": [[[-78.171897, -1.837417], [-78.145315, -1.807798], [-78.177746, -1.787912], [-78.206447, -1.803554], [-78.208298, -1.833819], [-78.211452, -1.8398], [-78.190038, -1.860426], [-78.176939, -1.867768], [-78.171897, -1.837417]]]}}"
2017-05-24,Holiday,National,Ecuador,Batalla de Pichincha,True,-1.833316,-78.180662,"{""type"": ""Feature"", ""properties"": {""name"": ""Ecuador""}, ""geometry"": {""type"": ""Polygon"", ""coordinates"": [[[-78.171897, -1.837417], [-78.145315, -1.807798], [-78.177746, -1.787912], [-78.206447, -1.803554], [-78.208298, -1.833819], [-78.211452, -1.8398], [-78.190038, -1.860426], [-78.176939, -1.867768], [-78.171897, -1.837417]]]}}"
2017-05-26,Transfer,National,Ecuador,Traslado Batalla de Pichincha,False,-1.833316,-78.180662,"{""type"": ""Feature"", ""properties"": {""name"": ""Ecuador""}, ""geometry"": {""type"": ""Polygon"", ""coordinates"": [[[-78.171897, -1.837417], [-78.145315, -1.807798], [-78.177746, -1.787912], [-78.206447, -1.803554], [-78.208298, -1.833819], [-78.211452, -1.8398], [-78.190038, -1.860426], [-78.176939, -1.867768], [-78.171897, -1.837417]]]}}"
2017-06-23,Holiday,Local,Guaranda,Cantonizacion de Guaranda,False,-1.598216,-78.998962,"{""type"": ""Feature"", ""properties"": {""name"": ""Guaranda""}, ""geometry"": {""type"": ""Polygon"", ""coordinates"": [[[-78.985966, -1.59271], [-78.992031, -1.580945], [-78.999825, -1.567799], [-79.027395, -1.578999], [-79.042554, -1.599986], [-79.029715, -1.609282], [-78.995005, -1.608992], [-78.959973, -1.615462], [-78.985966, -1.59271]]]}}"
2017-06-25,Holiday,Regional,Imbabura,Provincializacion de Imbabura,False,0.347325,-78.129936,"{""type"": ""Feature"", ""properties"": {""name"": ""Imbabura""}, ""geometry"": {""type"": ""Polygon"", ""coordinates"": [[[-78.08867, 0.349781], [-78.119968, 0.360742], [-78.148337, 0.372813], [-78.153207, 0.350818], [-78.140769, 0.33981], [-78.108491, 0.323505], [-78.08867, 0.349781]]]}}"
2017-06-25,Holiday,Local,Latacunga,Cantonizacion de Latacunga,False,-0.930354,-78.616268,"{""type"": ""Feature"", ""properties"": {""name"": ""Latacunga""}, ""geometry"": {""type"": ""Polygon"", ""coordinates"": [[[-78.571305, -0.9416], [-78.580608, -0.925155], [-78.625617, -0.915102], [-78.642257, -0.920602], [-78.628192, -0.944616], [-78.618622, -0.979827], [-78.604282, -0.944073], [-78.571305, -0.9416]]]}}"
2017-06-25,Holiday,Local,Machala,Fundacion de Machala,False,-3.253166,-79.956167,"{""type"": ""Feature"", ""properties"": {""name"": ""Machala""}, ""geometry"": {""type"": ""Polygon"", ""coordinates"": [[[-79.933635, -3.263994], [-79.94741, -3.243591], [-79.960304, -3.239386], [-79.97357, -3.228218], [-79.966874, -3.267653], [-79.957939, -3.299796], [-79.933472, -3.27494], [-79.933635, -3.263994]]]}}"
2017-07-03,Holiday,Local,El Carmen,Cantonizacion de El Carmen,False,0.266492,-79.45472,"{""type"": ""Feature"", ""properties"": {""name"": ""El Carmen""}, ""geometry"": {""type"": ""Polygon"", ""coordinates"": [[[-79.419193, 0.273802], [-79.419865, 0.294453], [-79.458224, 0.302248], [-79.468835, 0.288775], [-79.459899, 0.260487], [-79.454059, 0.238144], [-79.432593, 0.225801], [-79.419193, 0.273802]]]}}"
2017-07-03,Holiday,Local,Santo Domingo,Fundacion de Santo Domingo,False,-0.257949,-79.169178,"{""type"": ""Feature"", ""properties"": {""name"": ""Santo Domingo""}, ""geometry"": {""type"": ""Polygon"", ""coordinates"": [[[-79.126297, -0.255341], [-79.165056, -0.223795], [-79.170533, -0.234162], [-79.201094, -0.22854], [-79.193433, -0.277176], [-79.175884, -0.29765], [-79.159196, -0.263979], [-79.126297, -0.255341]]]}}"
2017-07-23,Holiday,Local,Cayambe,Cantonizacion de Cayambe,False,0.037039,-78.141419,"{""type"": ""Feature"", ""properties"": {""name"": ""Cayambe""}, ""geometry"": {""type"": ""Polygon"", ""coordinates"": [[[-78.110803, 0.030731], [-78.131416, 0.047067], [-78.143311, 0.064017], [-78.180873, 0.060698], [-78.155237, 0.042783], [-78.182213, 0.032475], [-78.145975, -0.003797], [-78.11762, 0.030616], [-78.110803, 0.030731]]]}}"
2017-07-24,Additional,Local,Guayaquil,Fundacion de Guayaquil-1,False,-2.191589,-79.88572,"{""type"": ""Feature"", ""properties"": {""name"": ""Guayaquil""}, ""geometry"": {""type"": ""Polygon"", ""coordinates"": [[[-79.870948, -2.190706], [-79.880309, -2.155067], [-79.91245, -2.160113], [-79.900724, -2.183334], [-79.907446, -2.208964], [-79.871511, -2.226116], [-79.870948, -2.190706]]]}}"
2017-07-25,Additional,Local,Guayaquil,Fundacion de Guayaquil,False,-2.192133,-79.888762,"{""type"": ""Feature"", ""properties"": {""name"": ""Guayaquil""}, ""geometry"": {""type"": ""Polygon"", ""coordinates"": [[[-79.870948, -2.190706], [-79.880309, -2.155067], [-79.91245, -2.160113], [-79.900724, -2.183334], [-79.907446, -2.208964], [-79.871511, -2.226116], [-79.870948, -2.190706]]]}}"
2017-08-05,Holiday,Local,Esmeraldas,Fundacion de Esmeraldas,False,0.956467,-79.653562,"{""type"": ""Feature"", ""properties"": {""name"": ""Esmeraldas""}, ""geometry"": {""type"": ""Polygon"", ""coordinates"": [[[-79.611747, 0.964682], [-79.631378, 0.98885], [-79.662713, 0.997423], [-79.672779, 0.953723], [-79.68388, 0.932662], [-79.645189, 0.922797], [-79.611747, 0.964682]]]}}"
2017-08-10,Holiday,National,Ecuador,Primer Grito de Independencia,True,-1.833716,-78.184152,"{""type"": ""Feature"", ""properties"": {""name"": ""Ecuador""}, ""geometry"": {""type"": ""Polygon"", ""coordinates"": [[[-78.171897, -1.837417], [-78.145315, -1.807798], [-78.177746, -1.787912], [-78.206447, -1.803554], [-78.208298, -1.833819], [-78.211452, -1.8398], [-78.190038, -1.860426], [-78.176939, -1.867768], [-78.171897, -1.837417]]]}}"
2017-08-11,Transfer,National,Ecuador,Traslado Primer Grito de Independencia,False,-1.833316,-78.180662,"{""type"": ""Feature"", ""properties"": {""name"": ""Ecuador""}, ""geometry"": {""type"": ""Polygon"", ""coordinates"": [[[-78.171897, -1.837417], [-78.145315, -1.807798], [-78.177746, -1.787912], [-78.206447, -1.803554], [-78.208298, -1.833819], [-78.211452, -1.8398], [-78.190038, -1.860426], [-78.176939, -1.867768], [-78.171897, -1.837417]]]}}"
2017-08-15,Holiday,Local,Riobamba,Fundacion de Riobamba,False,-1.665616,-78.651962,"{""type"": ""Feature"", ""properties"": {""name"": ""Riobamba""}, ""geometry"": {""type"": ""Polygon"", ""coordinates"": [[[-78.642015, -1.662587], [-78.618887, -1.629499], [-78.665401, -1.639166], [-78.688402, -1.64361], [-78.679279, -1.672117], [-78.657482, -1.708561], [-78.627808, -1.681016], [-78.642015, -1.662587]]]}}"
2017-08-24,Holiday,Local,Ambato,Fundacion de Ambato,False,-1.240729,-78.62178,"{""type"": ""Feature"", ""properties"": {""name"": ""Ambato""}, ""geometry"": {""type"": ""Polygon"", ""coordinates"": [[[-78.594508, -1.252436], [-78.602473, -1.206439], [-78.622375, -1.199131], [-78.636876, -1.214541], [-78.647173, -1.248954], [-78.636122, -1.270586], [-78.60172, -1.277189], [-78.594508, -1.252436]]]}}"
2017-09-28,Holiday,Local,Ibarra,Fundacion de Ibarra,True,0.338593,-78.118935,"{""type"": ""Feature"", ""properties"": {""name"": ""Ibarra""}, ""geometry"": {""type"": ""Polygon"", ""coordinates"": [[[-78.091976, 0.340803], [-78.089813, 0.355071], [-78.122158, 0.35725], [-78.142828, 0.365224], [-78.161417, 0.340091], [-78.137135, 0.299568], [-78.121194, 0.293214], [-78.10654, 0.308382], [-78.091976, 0.340803]]]}}"
2017-09-29,Transfer,Local,Ibarra,Fundacion de Ibarra,False,0.342695,-78.118239,"{""type"": ""Feature"", ""properties"": {""name"": ""Ibarra""}, ""geometry"": {""type"": ""Polygon"", ""coordinates"": [[[-78.091976, 0.340803], [-78.089813, 0.355071], [-78.122158, 0.35725], [-78.142828, 0.365224], [-78.161417, 0.340091], [-78.137135, 0.299568], [-78.121194, 0.293214], [-78.10654, 0.308382], [-78.091976, 0.340803]]]}}"
2017-10-07,Holiday,Local,Quevedo,Cantonizacion de Quevedo,False,-1.019005,-79.456839,"{""type"": ""Feature"", ""properties"": {""name"": ""Quevedo""}, ""geometry"": {""type"": ""Polygon"", ""coordinates"": [[[-79.431465, -1.020622], [-79.434061, -0.996655], [-79.457698, -1.007943], [-79.478669, -0.993233], [-79.476376, -1.023112], [-79.468573, -1.03937], [-79.454839, -1.051895], [-79.434534, -1.037277], [-79.431465, -1.020622]]]}}"
2017-10-09,Holiday,National,Ecuador,Independencia de Guayaquil,False,-1.831811,-78.182217,"{""type"": ""Feature"", ""properties"": {""name"": ""Ecuador""}, ""geometry"": {""type"": ""Polygon"", ""coordinates"": [[[-78.171897, -1.837417], [-78.145315, -1.807798], [-78.177746, -1.787912], [-78.206447, -1.803554], [-78.208298, -1.833819], [-78.211452, -1.8398], [-78.190038, -1.860426], [-78.176939, -1.867768], [-78.171897, -1.837417]]]}}"
2017-11-02,Holiday,National,Ecuador,Dia de Difuntos,False,-1.833316,-78.180662,"{""type"": ""Feature"", ""properties"": {""name"": ""Ecuador""}, ""geometry"": {""type"": ""Polygon"", ""coordinates"": [[[-78.171897, -1.837417], [-78.145315, -1.807798], [-78.177746, -1.787912], [-78.206447, -1.803554], [-78.208298, -1.833819], [-78.211452, -1.8398], [-78.190038, -1.860426], [-78.176939, -1.867768], [-78.171897, -1.837417]]]}}"
2017-11-03,Holiday,National,Ecuador,Independencia de Cuenca,False,-1.833316,-78.180662,"{""type"": ""Feature"", ""properties"": {""name"": ""Ecuador""}, ""geometry"": {""type"": ""Polygon"", ""coordinates"": [[[-78.171897, -1.837417], [-78.145315, -1.807798], [-78.177746, -1.787912], [-78.206447, -1.803554], [-78.208298, -1.833819], [-78.211452, -1.8398], [-78.190038, -1.860426], [-78.176939, -1.867768], [-78.171897, -1.837417]]]}}"
2017-11-06,Holiday,Regional,Santo Domingo de los Tsachilas,Provincializacion de Santo Domingo,False,-0.255316,-79.169162,"{""type"": ""Feature"", ""properties"": {""name"": ""Santo Domingo de los Tsachilas""}, ""geometry"": {""type"": ""Polygon"", ""coordinates"": [[[-79.13916, -0.262725], [-79.164314, -0.221606], [-79.213581, -0.234189], [-79.184342, -0.262902], [-79.157067, -0.270051], [-79.13916, -0.262725]]]}}"
2017-11-07,Holiday,Regional,Santa Elena,Provincializacion Santa Elena,False,-2.227045,-80.85882,"{""type"": ""Feature"", ""properties"": {""name"": ""Santa Elena""}, ""geometry"": {""type"": ""Polygon"", ""coordinates"": [[[-80.826779, -2.228254], [-80.831171, -2.213466], [-80.866151, -2.187341], [-80.870327, -2.201713], [-80.903612, -2.217254], [-80.886343, -2.252129], [-80.864311, -2.263884], [-80.849672, -2.248975], [-80.826779, -2.228254]]]}}"
2017-11-10,Holiday,Local,Guaranda,Independencia de Guaranda,False,-1.601086,-78.999626,"{""type"": ""Feature"", ""properties"": {""name"": ""Guaranda""}, ""geometry"": {""type"": ""Polygon"", ""coordinates"": [[[-78.985966, -1.59271], [-78.992031, -1.580945], [-78.999825, -1.567799], [-79.027395, -1.578999], [-79.042554, -1.599986], [-79.029715, -1.609282], [-78.995005, -1.608992], [-78.959973, -1.615462], [-78.985966, -1.59271]]]}}"
2017-11-11,Holiday,Local,Latacunga,Independencia de Latacunga,False,-0.935975,-78.613336,"{""type"": ""Feature"", ""properties"": {""name"": ""Latacunga""}, ""geometry"": {""type"": ""Polygon"", ""coordinates"": [[[-78.571305, -0.9416], [-78.580608, -0.925155], [-78.625617, -0.915102], [-78.642257, -0.920602], [-78.628192, -0.944616], [-78.618622, -0.979827], [-78.604282, -0.944073], [-78.571305, -0.9416]]]}}"
2017-11-12,Holiday,Local,Ambato,Independencia de Ambato,False,-1.236766,-78.620467,"{""type"": ""Feature"", ""properties"": {""name"": ""Ambato""}, ""geometry"": {""type"": ""Polygon"", ""coordinates"": [[[-78.594508, -1.252436], [-78.602473, -1.206439], [-78.622375, -1.199131], [-78.636876, -1.214541], [-78.647173, -1.248954], [-78.636122, -1.270586], [-78.60172, -1.277189], [-78.594508, -1.252436]]]}}"
2017-12-05,Additional,Local,Quito,Fundacion de Quito-1,False,-0.181307,-78.464535,"{""type"": ""Feature"", ""properties"": {""name"": ""Quito""}, ""geometry"": {""type"": ""Polygon"", ""coordinates"": [[[-78.437611, -0.183398], [-78.458757, -0.169469], [-78.48239, -0.153107], [-78.485552, -0.185461], [-78.482256, -0.220878], [-78.457157, -0.210665], [-78.437611, -0.183398]]]}}"
2017-12-06,Holiday,Local,Quito,Fundacion de Quito,True,-0.183439,-78.469265,"{""type"": ""Feature"", ""properties"": {""name"": ""Quito""}, ""geometry"": {""type"": ""Polygon"", ""coordinates"": [[[-78.437611, -0.183398], [-78.458757, -0.169469], [-78.48239, -0.153107], [-78.485552, -0.185461], [-78.482256, -0.220878], [-78.457157, -0.210665], [-78.437611, -0.183398]]]}}"
2017-12-08,Holiday,Local,Loja,Fundacion de Loja,False,-3.995839,-79.205665,"{""type"": ""Feature"", ""properties"": {""name"": ""Loja""}, ""geometry"": {""type"": ""Polygon"", ""coordinates"": [[[-79.185869, -3.989018], [-79.19537, -3.981091], [-79.205712, -3.96874], [-79.22986, -3.978441], [-79.226041, -4.002451], [-79.209581, -4.01707], [-79.178079, -4.028411], [-79.185869, -3.989018]]]}}"
2017-12-08,Transfer,Local,Quito,Traslado Fundacion de Quito,False,-0.181496,-78.472625,"{""type"": ""Feature"", ""properties"": {""name"": ""Quito""}, ""geometry"": {""type"": ""Polygon"", ""coordinates"": [[[-78.437611, -0.183398], [-78.458757, -0.169469], [-78.48239, -0.153107], [-78.485552, -0.185461], [-78.482256, -0.220878], [-78.457157, -0.210665], [-78.437611, -0.183398]]]}}"
2017-12-21,Additional,National,Ecuador,Navidad-4,False,-1.833939,-78.184865,"{""type"": ""Feature"", ""properties"": {""name"": ""Ecuador""}, ""geometry"": {""type"": ""Polygon"", ""coordinates"": [[[-78.171897, -1.837417], [-78.145315, -1.807798], [-78.177746, -1.787912], [-78.206447, -1.803554], [-78.208298, -1.833819], [-78.211452, -1.8398], [-78.190038, -1.860426], [-78.176939, -1.867768], [-78.171897, -1.837417]]]}}"
2017-12-22,Holiday,Local,Salinas,Cantonizacion de Salinas,False,-2.202116,-80.963962,"{""type"": ""Feature"", ""properties"": {""name"": ""Salinas""}, ""geometry"": {""type"": ""Polygon"", ""coordinates"": [[[-80.935268, -2.209911], [-80.949516, -2.154312], [-80.983717, -2.175431], [-80.980769, -2.199129], [-80.972881, -2.228736], [-80.959656, -2.224763], [-80.935268, -2.209911]]]}}"
2017-12-22,Additional,National,Ecuador,Navidad-3,False,-1.833684,-78.179684,"{""type"": ""Feature"", ""properties"": {""name"": ""Ecuador""}, ""geometry"": {""type"": ""Polygon"", ""coordinates"": [[[-78.171897, -1.837417], [-78.145315, -1.807798], [-78.177746, -1.787912], [-78.206447, -1.803554], [-78.208298, -1.833819], [-78.211452, -1.8398], [-78.190038, -1.860426], [-78.176939, -1.867768], [-78.171897, -1.837417]]]}}"
2017-12-23,Additional,National,Ecuador,Navidad-2,False,-1.833316,-78.180662,"{""type"": ""Feature"", ""properties"": {""name"": ""Ecuador""}, ""geometry"": {""type"": ""Polygon"", ""coordinates"": [[[-78.171897, -1.837417], [-78.145315, -1.807798], [-78.177746, -1.787912], [-78.206447, -1.803554], [-78.208298, -1.833819], [-78.211452, -1.8398], [-78.190038, -1.860426], [-78.176939, -1.867768], [-78.171897, -1.837417]]]}}"
2017-12-24,Additional,National,Ecuador,Navidad-1,False,-1.833316,-78.180662,"{""type"": ""Feature"", ""properties"": {""name"": ""Ecuador""}, ""geometry"": {""type"": ""Polygon"", ""coordinates"": [[[-78.171897, -1.837417], [-78.145315, -1.807798], [-78.177746, -1.787912], [-78.206447, -1.803554], [-78.208298, -1.833819], [-78.211452, -1.8398], [-78.190038, -1.860426], [-78.176939, -1.867768], [-78.171897, -1.837417]]]}}"
2017-12-25,Holiday,National,Ecuador,Navidad,False,-1.833316,-78.180662,"{""type"": ""Feature"", ""properties"": {""name"": ""Ecuador""}, ""geometry"": {""type"": ""Polygon"", ""coordinates"": [[[-78.171897, -1.837417], [-78.145315, -1.807798], [-78.177746, -1.787912], [-78.206447, -1.803554], [-78.208298, -1.833819], [-78.211452, -1.8398], [-78.190038, -1.860426], [-78.176939, -1.867768], [-78.171897, -1.837417]]]}}"
2017-12-26,Additional,National,Ecuador,Navidad+1,False,-1.833316,-78.180662,"{""type"": ""Feature"", ""properties"": {""name"": ""Ecuador""}, ""geometry"": {""type"": ""Polygon"", ""coordinates"": [[[-78.171897, -1.837417], [-78.145315, -1.807798], [-78.177746, -1.787912], [-78.206447, -1.803554], [-78.208298, -1.833819], [-78.211452, -1.8398], [-78.190038, -1.860426], [-78.176939, -1.867768], [-78.171897, -1.837417]]]}}"
